"last_name, first_name","player_id","year","player_age","p_formatted_ip","ab","home_run","strikeout","walk","k_percent","bb_percent","p_win","p_loss","p_era","p_game_in_relief","p_starting_p","xwoba","pitch_count","whiff_percent","swing_percent","f_strike_percent","n","arm_angle","ff_avg_speed","ff_avg_spin","fastball_avg_speed","fastball_range_speed"
"Colon, Bartolo",112526,2015,42,"194.2",771,25,136,24,16.7,2.9,"14","13","4.16","2","31",".314",2706,14.7,48.6,66.6,"2683",,"90.9","2255","88.9","2.4"
"Burnett, A.J.",150359,2015,38,"164.0",633,11,143,49,20.5,7,"9","7","3.18","0","26",".323",2500,22.3,45.1,60.8,"2490",,"91.7","2082","91.6","1.3"
"Buehrle, Mark",279824,2015,36,"198.2",768,22,91,33,11,4,"15","8","3.81","0","32",".335",2829,11.9,48.1,61.5,"2818",,"84.5","2076","82.9","2.8"
"Dickey, R.A.",285079,2015,40,"214.1",798,25,126,61,14.3,6.9,"11","11","3.91","0","33",".314",3264,19.5,49.4,58.9,"3181",,"82.3","1810","82.3","1.4"
"Lackey, John",407793,2015,36,"218.0",824,21,175,53,19.5,5.9,"13","10","2.77","0","33",".295",3127,20.4,50.7,70.8,"3102",,"92.2","2194","90.3","4.3"
"Lewis, Colby",407890,2015,35,"204.2",793,26,142,42,16.5,4.9,"17","9","4.66","0","33",".329",3180,19.8,46.8,62.9,"3168",,"88.6","2286","88.5","1.5"
"Haren, Dan",429717,2015,34,"187.1",709,31,132,38,17.2,4.9,"11","9","3.60","0","32",".312",2906,15.7,45.1,63.7,"2898",,"86.6","2160","85.2","2"
"Hamels, Cole",430935,2015,31,"212.1",800,22,215,62,24.4,7,"13","8","3.65","0","32",".288",3343,28.4,50.6,60.8,"3326",,"92.9","2100","92.3","2.4"
"Kazmir, Scott",431148,2015,31,"183.0",684,20,155,59,20.3,7.7,"7","11","3.10","0","31",".317",2941,23.1,48.5,60.9,"2940",,"92.5","2224","91.1","2.8"
"Liriano, Francisco",434538,2015,31,"186.2",695,15,205,70,26.5,9.1,"12","7","3.38","0","31",".291",2983,33.5,44.9,57.6,"2978",,"92.7","2031","93","1.6"
"Hammel, Jason",434628,2015,32,"170.2",654,23,172,40,24.2,5.6,"10","7","3.74","0","31",".314",2751,25,48.2,61,"2731",,"92.8","2147","92.8","1.2"
"Gallardo, Yovani",451596,2015,29,"184.1",720,15,121,68,15.3,8.6,"13","11","3.42","0","33",".323",3226,16.9,42.2,59.3,"3224",,"91.2","2096","91.1","1.3"
"Lester, Jon",452657,2015,31,"205.0",764,16,207,47,25,5.7,"11","12","3.34","0","32",".277",3185,24.5,45.9,61.3,"3182",,"92.6","2222","91.2","2.6"
"Kennedy, Ian",453178,2015,30,"168.1",644,31,174,51,24.4,7.2,"9","15","4.28","0","30",".327",2911,25.1,46.9,61.7,"2890",,"91.9","2358","91.9","1.4"
"Price, David",456034,2015,29,"220.1",826,17,225,47,25.3,5.3,"18","5","2.45","0","32",".279",3388,25.4,51,67,"3378",,"94.6","2257","93.7","2.9"
"Lynn, Lance",458681,2015,28,"175.1",667,13,167,68,22.2,9.1,"12","11","3.03","0","31",".303",3053,21.2,46.9,56.5,"3030",,"92.8","2418","92.4","2"
"Pelfrey, Mike",460059,2015,31,"164.2",651,11,86,45,12,6.3,"6","11","4.26","0","30",".347",2663,14.1,45.4,57.8,"2657",,"93.6","1936","93.9","1.6"
"Gonzalez, Gio",461829,2015,29,"175.2",673,8,169,69,22.3,9.1,"11","8","3.79","0","31",".303",2947,23.7,44.9,59.9,"2937",,"92.8","2241","92.6","1.3"
"Estrada, Marco",462136,2015,31,"181.0",659,24,131,55,18.1,7.6,"13","8","3.13","6","28",".288",2913,21.9,49.6,57.9,"2907",,"89.8","2348","89.7","1.2"
"Carrasco, Carlos",471911,2015,28,"183.2",675,18,216,43,29.6,5.9,"14","12","3.63","0","30",".265",2777,28.7,52,67.3,"2766",,"95.3","2268","95.2","1.6"
"Niese, Jonathon",477003,2015,28,"176.2",686,20,113,55,14.7,7.1,"9","10","4.13","4","29",".319",2701,14.8,45.2,62.3,"2682",,"89.6","2050","89.1","1.8"
"Kershaw, Clayton",477132,2015,27,"232.2",839,15,301,42,33.8,4.7,"16","7","2.13","0","33",".228",3392,32.6,51.4,68.3,"3385",,"94.3","2215","94.3","1.1"
"Tillman, Chris",501957,2015,27,"173.0",660,20,120,64,16.2,8.6,"11","11","4.99","0","31",".326",2943,18.5,45.8,58,"2939",,"92.1","2258","92","1.7"
"Gibson, Kyle",502043,2015,27,"194.2",737,18,145,65,17.7,7.9,"11","11","3.84","0","32",".311",3235,22.9,46.5,60.8,"3211",,"92.6","2216","92.3","1.7"
"Samardzija, Jeff",502188,2015,30,"214.0",836,29,163,49,17.9,5.4,"11","13","4.96","0","32",".323",3339,21.5,50.9,62.6,"3336",,"94.5","2483","94.1","2"
"Leake, Mike",502190,2015,27,"192.0",717,22,119,49,15.3,6.3,"11","10","3.70","0","30",".330",2754,14.9,46.8,61.3,"2734",,"90.9","2169","91.1","1.4"
"Bumgarner, Madison",518516,2015,25,"218.1",814,21,234,39,26.9,4.5,"18","9","2.93","0","32",".277",3312,27,50.5,64.2,"3299",,"92.7","2311","90.5","3.5"
"Heston, Chris",518790,2015,27,"177.2",667,16,141,64,18.9,8.6,"12","11","3.95","0","31",".321",2792,22.6,41.6,56.6,"2776",,"90.2","2109","89.5","1.5"
"Sale, Chris",519242,2015,26,"208.2",794,23,274,42,32.1,4.9,"13","11","3.41","0","31",".260",3323,32.7,49.4,67.4,"3317",,,,"95.2","2.5"
"Zimmermann, Jordan",519455,2015,29,"201.2",774,24,164,39,19.7,4.7,"13","10","3.66","0","33",".308",3103,19.1,50,67.6,"3091",,"93.6","2328","93.6","1.1"
"De La Rosa, Rubby",523989,2015,26,"188.2",729,32,150,63,18.5,7.8,"14","9","4.67","0","32",".312",3014,24.7,48.9,57.6,"3003",,"95.1","2302","94.8","2.3"
"Ramírez, Erasmo",541640,2015,25,"163.1",614,16,126,40,18.9,6,"11","6","3.75","7","27",".307",2409,23.8,49.8,65.4,"2409",,"91.5","2221","91.5","1.8"
"Cole, Gerrit",543037,2015,24,"208.0",765,11,202,44,24.3,5.3,"19","8","2.60","0","32",".294",3238,23.1,48.3,61.7,"3232",,"96.3","2155","96.3","1.6"
"Hendricks, Kyle",543294,2015,25,"180.0",681,17,167,43,22.6,5.8,"8","7","3.95","0","32",".294",2793,20.4,43.8,63.2,"2789",,"90.9","2320","88.8","1.3"
"Koehler, Tom",543408,2015,29,"187.1",706,22,137,77,17.1,9.6,"11","14","4.08","1","31",".323",2976,18,44.4,58.6,"2964",,"92.6","2095","92.7","1.3"
"McHugh, Collin",543521,2015,28,"203.2",788,19,171,53,19.9,6.2,"19","7","3.89","0","32",".287",3241,23.6,47.9,62.2,"3230",,"91","2141","89","2.5"
"Fiers, Mike",571666,2015,30,"180.1",680,24,180,64,23.7,8.4,"7","10","3.69","1","30",".303",3042,22,48,60.7,"3020",,"89.9","2185","89.2","2.7"
"Richards, Garrett",572070,2015,27,"207.1",768,20,176,76,20.3,8.8,"15","12","3.65","0","32",".294",3250,26,46.1,60.2,"3242",,"96.4","2507","96.2","1.1"
"Walker, Taijuan",592836,2015,22,"169.2",648,25,157,39,22.3,5.5,"11","8","4.56","0","29",".318",2630,23.5,47.8,63,"2625",,"94.8","2125","94.3","2.4"
"Wacha, Michael",608379,2015,23,"181.1",687,19,153,58,20.1,7.6,"17","7","3.38","0","30",".301",2937,21.5,50.8,63.4,"2919",,"94.8","2103","93.9","2.8"
"Chen, Wei-Yin",612672,2015,29,"191.1",733,28,153,41,19.3,5.2,"11","8","3.34","0","31",".304",3010,19,51.1,68.4,"3009",,"92.2","2109","92","1.6"
"Wood, Alex",622072,2015,24,"189.2",720,15,139,59,17.4,7.4,"12","12","3.84","0","32",".319",2909,19.7,45,62.9,"2895",,,,"89.7","1.2"
"Colon, Bartolo",112526,2016,43,"191.2",745,24,128,32,16.2,4,"15","8","3.43","1","33",".318",2853,13.6,47.2,63.2,"2843",,"90.4","2264","88.4","2.3"
"Dickey, R.A.",285079,2016,41,"169.2",655,28,126,63,17.3,8.7,"10","15","4.46","1","29",".350",2742,23.6,48.1,62.1,"2662",,"82.9","1889","82.9","1.6"
"Lackey, John",407793,2016,37,"188.1",670,23,180,53,24.1,7.1,"11","8","3.35","0","29",".316",2853,25.5,49,68,"2833",,"92.4","2270","90","4.6"
"Santana, Ervin",429722,2016,33,"181.1",685,19,149,53,19.9,7.1,"7","11","3.38","0","30",".313",2931,22.9,47.2,59,"2929",,"93.4","2250","93.3","1.8"
"Hamels, Cole",430935,2016,32,"200.2",760,24,200,77,23.6,9.1,"15","5","3.32","0","32",".315",3253,27.2,48.7,57.5,"3248",,"92.6","2083","92","2.4"
"Verlander, Justin",434378,2016,33,"227.2",827,30,254,57,28.1,6.3,"16","9","3.04","0","34",".274",3668,26.9,50.2,64.3,"3663",,"94.1","2558","94.1","1.9"
"Liriano, Francisco",434538,2016,32,"163.0",624,26,168,85,23,11.6,"8","13","4.69","2","29",".320",2793,28.2,43.3,55.5,"2792",,"93.1","2094","93.3","1.7"
"Hammel, Jason",434628,2016,33,"166.2",620,25,144,53,20.8,7.7,"15","10","3.83","0","30",".324",2623,23.8,46.6,59.8,"2623",,"92.6","2213","92.7","1.2"
"Nolasco, Ricky",445060,2016,33,"197.2",756,26,144,44,17.6,5.4,"8","14","4.42","0","32",".318",3127,20.9,46.5,61,"3126",,"91","2099","91","1.8"
"Weaver, Jered",450308,2016,33,"178.0",704,37,103,51,13.4,6.7,"12","12","5.06","0","31",".352",2835,18.8,45.8,64.4,"2805",,"83.8","2267","83.5","2"
"Fister, Doug",450729,2016,32,"180.1",706,24,115,62,14.8,8,"12","13","4.64","0","32",".331",3000,15.6,40.5,59.6,"2994",,"87.5","1989","86.8","2.5"
"Lester, Jon",452657,2016,32,"202.2",730,21,197,52,24.7,6.5,"19","5","2.44","0","32",".272",3161,24,47.1,63.1,"3157",,"92.7","2301","91.7","2.3"
"Kennedy, Ian",453178,2016,31,"195.2",733,33,184,66,22.5,8.1,"11","11","3.68","0","33",".323",3378,23.4,47.3,62,"3377",,"92.7","2384","92.8","1.3"
"Price, David",456034,2016,30,"230.0",879,30,228,50,24,5.3,"17","9","3.99","0","35",".298",3595,24.8,51,64.9,"3588",,"93.6","2176","92.1","2.9"
"Gonzalez, Gio",461829,2016,30,"177.1",684,19,171,59,22.4,7.7,"11","11","4.57","0","32",".316",3116,23.4,44.2,57.6,"3108",,"91.6","2252","91.4","1.5"
"Estrada, Marco",462136,2016,32,"176.0",651,23,165,65,22.8,9,"9","9","3.48","0","29",".296",2843,26.2,45.8,58.9,"2835",,"88.5","2403","88.3","1.6"
"Nova, Iván",467100,2016,29,"162.0",636,23,127,28,18.6,4.1,"12","8","4.17","6","26",".323",2310,20.5,49.5,61.7,"2306",,"93.4","2267","93.2","1.5"
"Tillman, Chris",501957,2016,28,"172.0",636,19,140,66,19.6,9.2,"16","6","3.77","0","30",".330",2936,21.9,45.7,56.8,"2930",,"92.3","2301","92.3","1.8"
"Samardzija, Jeff",502188,2016,31,"203.1",764,24,167,54,20.1,6.5,"12","11","3.81","0","32",".307",3190,20.7,48.6,63.7,"3166",,"94.7","2450","94.4","1.8"
"Leake, Mike",502190,2016,28,"176.2",705,20,125,30,16.5,4,"9","12","4.69","0","30",".327",2659,16.3,47.9,62.1,"2654",,"90.1","2253","90.8","1.5"
"Bumgarner, Madison",518516,2016,26,"226.2",841,26,251,54,27.5,5.9,"15","9","2.74","0","34",".279",3571,25.9,48.1,65.4,"3551",,"91.4","2301","89.8","2.5"
"Duffy, Danny",518633,2016,27,"179.2",676,27,188,42,25.7,5.7,"12","3","3.51","16","26",".308",2707,27.3,51.5,62.2,"2694",,"95.5","2234","95.4","1.6"
"Sale, Chris",519242,2016,27,"226.2",837,27,233,45,25.7,5,"17","10","3.34","0","32",".294",3431,24.8,49.3,62.2,"3356",,,,"93.7","2.2"
"Pérez, Martín",527048,2016,25,"198.2",758,18,103,76,12,8.9,"10","11","4.39","0","33",".354",3078,18.4,48.1,64.6,"3076",,"93.6","2109","93.3","1.6"
"Hendricks, Kyle",543294,2016,26,"190.0",686,15,170,44,22.8,5.9,"16","8","2.13","1","30",".259",2888,24.7,43.2,68.6,"2870",,"90.2","2177","88.3","1.2"
"Koehler, Tom",543408,2016,30,"176.2",675,22,147,83,19,10.7,"9","13","4.33","0","33",".333",3089,23.5,44.4,59.4,"3059",,"92.4","2102","92.5","1.5"
"McHugh, Collin",543521,2016,29,"184.2",730,25,177,54,22.3,6.8,"13","10","4.34","0","33",".289",3159,23.9,47.6,67,"3148",,"90.7","2202","89.2","2.5"
"Roark, Tanner",543699,2016,29,"210.0",758,17,172,73,20.1,8.5,"16","10","2.83","1","33",".305",3355,21.9,43.8,57.7,"3342",,"92.7","2118","92.7","1.5"
"Iwakuma, Hisashi",547874,2016,35,"199.0",772,28,147,46,17.6,5.5,"16","12","4.12","0","33",".329",2981,17.4,48.8,64.2,"2968",,"88.9","2241","88.1","1.8"
"Tanaka, Masahiro",547888,2016,27,"199.2",759,22,165,36,20.5,4.5,"14","4","3.07","0","31",".293",2935,23.3,50.2,64.5,"2935",,"92.6","2243","90.9","1.9"
"Fiers, Mike",571666,2016,31,"168.2",667,26,134,42,18.5,5.8,"11","8","4.48","1","30",".332",2771,21.6,45.9,62.7,"2770",,"90","2188","89.4","2"
"Straily, Dan",573185,2016,27,"191.1",699,31,162,73,20.5,9.2,"14","8","3.76","3","31",".324",3061,23.4,47.4,61.2,"3035",,"89.8","2212","89.8","1.4"
"Gausman, Kevin",592332,2016,25,"179.2",698,28,174,47,23,6.2,"9","12","3.61","0","30",".314",3113,25.4,48.4,56.8,"3112",,"95.4","2306","95.3","2.1"
"Ray, Robbie",592662,2016,24,"174.1",694,24,218,71,28.1,9.1,"8","15","4.90","0","32",".317",3176,26.6,46.6,55.9,"3164",,"94.9","2277","94.8","1.8"
"Sanchez, Aaron",592717,2016,23,"192.0",719,15,161,63,20.4,8,"15","2","3.00","0","30",".313",2919,21,43.5,60.9,"2919",,"95.2","2278","95.4","1.5"
"Smyly, Drew",592767,2016,27,"175.1",671,32,167,49,22.6,6.6,"7","12","4.88","0","30",".300",2893,25,47.5,58.4,"2889",,"90.8","2185","89.6","2.8"
"Davies, Zach",605200,2016,23,"163.1",631,20,135,38,19.8,5.6,"11","7","3.97","0","28",".293",2588,20.3,44.6,61.7,"2587",,,,"89.1","2.1"
"Fernández, José",605228,2016,23,"182.1",664,13,253,55,34.3,7.5,"16","8","2.86","0","29",".269",2940,32.8,46,60.9,"2911",,"95.9","2441","95.8","2"
"Graveman, Kendall",608665,2016,25,"186.0",723,22,108,47,13.8,6,"10","11","4.11","0","31",".345",2832,18.1,44.7,64.7,"2821",,"91.7","2427","92.1","2.9"
"Dickey, R.A.",285079,2017,42,"190.0",726,26,136,67,16.7,8.2,"10","10","4.26","0","31",".318",2924,21,47.4,64.8,"2817",,"83.6","1878","83.6","1.5"
"Lackey, John",407793,2017,38,"170.2",654,36,149,53,20.4,7.3,"12","12","4.59","1","30",".344",2772,23.1,47.5,65.5,"2754",,"91","2172","87.5","5"
"Santana, Ervin",429722,2017,34,"211.1",786,31,167,61,19.4,7.1,"16","8","3.28","0","33",".300",3235,23.4,48.5,64.2,"3231",,"93.2","2232","92.8","1.6"
"Verlander, Justin",434378,2017,34,"206.0",768,27,219,72,25.8,8.5,"15","8","3.36","0","33",".315",3531,23.6,49.3,61.7,"3531",,"95.3","2541","95.3","1.6"
"Hammel, Jason",434628,2017,34,"180.1",737,26,145,48,18,6,"8","13","5.29","0","32",".345",3029,21.5,48,62.6,"3008",,"92.2","2198","92.1","1"
"Nolasco, Ricky",445060,2017,34,"181.0",716,35,143,58,18.2,7.4,"6","15","4.92","0","33",".365",3091,25.4,45.9,60.3,"3087",,"91","2124","90.9","1.4"
"Vargas, Jason",450306,2017,34,"179.2",685,27,134,58,17.7,7.7,"18","11","4.16","0","32",".325",2925,23.6,43.4,65.9,"2919",,"85.7","2229","85.6","1.4"
"Lester, Jon",452657,2017,33,"180.2",691,26,180,60,23.6,7.9,"13","8","4.33","0","32",".304",3131,25.2,45.4,58.1,"3123",,"91.4","2206","89.9","2.4"
"Richard, Clayton",453385,2017,33,"197.1",780,24,151,59,17.6,6.9,"8","15","4.79","0","32",".324",3045,20.6,48.5,62.5,"3012",,"90.8","2117","90.5","1.5"
"Lynn, Lance",458681,2017,30,"186.1",676,27,153,78,19.7,10.1,"11","8","3.43","0","33",".315",3151,22.7,44.9,54.6,"3144",,"92.4","2375","91.3","2.5"
"Gonzalez, Gio",461829,2017,31,"201.0",731,21,188,79,22.7,9.6,"15","9","2.96","0","32",".295",3364,22.3,42.3,55.3,"3357",,"90","2247","89.7","1.4"
"Estrada, Marco",462136,2017,33,"186.0",726,31,176,71,21.8,8.8,"10","9","4.98","0","33",".305",3246,24.2,49.3,58.7,"3242",,"89.8","2386","89.5","1.7"
"Nova, Iván",467100,2017,30,"187.0",732,29,131,36,16.7,4.6,"11","14","4.14","0","31",".341",2677,17.9,50.5,64.5,"2574",,"93.1","2252","92.8","1.4"
"Carrasco, Carlos",471911,2017,30,"200.0",735,21,226,46,28.3,5.8,"18","6","3.29","0","32",".295",3058,29.8,48.9,63,"3038",,"94.3","2260","94.2","1.6"
"Kershaw, Clayton",477132,2017,29,"175.0",641,23,202,30,29.8,4.4,"18","4","2.31","0","27",".263",2521,29.9,51.7,69.5,"2447",,"92.8","2339","92.9","1.1"
"Cobb, Alex",502171,2017,29,"179.1",689,22,128,44,17.3,5.9,"12","10","3.66","0","29",".324",2849,16.9,44.3,58.8,"2845",,"91.1","2045","91.7","1"
"Samardzija, Jeff",502188,2017,32,"207.2",801,30,205,32,24.2,3.8,"9","15","4.42","0","32",".301",3273,22.5,49.1,65.1,"3262",,"94.3","2479","93.9","1.9"
"Leake, Mike",502190,2017,29,"186.0",724,20,130,37,16.6,4.7,"10","13","3.92","0","31",".319",2779,18.5,48.4,63.3,"2721",,"90.6","2166","89.8","1.5"
"Darvish, Yu",506433,2017,30,"186.2",697,27,209,58,27.3,7.6,"10","12","3.86","0","31",".295",3054,28,47,58.9,"3039",,"94.3","2506","92.9","3.6"
"Sale, Chris",519242,2017,28,"214.1",794,24,308,43,36.2,5.1,"17","8","2.90","0","32",".252",3428,31.8,50.1,66.7,"3423",,"94.8","2336","94.5","2.4"
"Pérez, Martín",527048,2017,26,"185.0",735,23,115,63,14.2,7.8,"13","12","4.82","0","32",".356",3097,17.9,44.9,59.3,"3088",,"93.2","2085","93.1","1.6"
"Cole, Gerrit",543037,2017,26,"203.0",784,31,196,55,23.1,6.5,"12","12","4.26","0","33",".317",3298,21.9,46.5,63.5,"3276",,"95.9","2164","95.8","1.6"
"Roark, Tanner",543699,2017,30,"181.1",701,23,166,64,21.4,8.2,"13","11","4.67","2","30",".314",3216,23.5,46.1,58.8,"3211",,"92.5","2088","92.3","1.5"
"Tanaka, Masahiro",547888,2017,28,"178.1",700,35,194,41,25.8,5.5,"13","12","4.74","0","30",".315",2810,31.2,51.2,64.8,"2805",,"92.3","2228","91.5","1.8"
"Corbin, Patrick",571578,2017,27,"189.2",753,26,178,61,21.5,7.4,"14","13","4.03","1","32",".320",3084,25.6,47,62.6,"3073",,"92.3","2293","92.2","1.5"
"Straily, Dan",573185,2017,28,"181.2",687,31,170,60,22.1,7.8,"10","9","4.26","0","33",".306",3085,26.6,49.9,62,"3049",,"90.5","2227","90.4","1.3"
"Gausman, Kevin",592332,2017,26,"186.2",736,29,179,71,21.9,8.7,"11","12","4.68","0","34",".343",3357,25.9,46.5,60.2,"3344",,"94.9","2249","94.9","1.9"
"Ray, Robbie",592662,2017,25,"162.0",582,23,218,71,32.8,10.7,"15","5","2.89","0","28",".297",2715,34.4,44.7,60,"2708",,"94.2","2276","94.1","1.7"
"Davies, Zach",605200,2017,24,"191.1",741,20,124,55,15.2,6.7,"17","9","3.90","0","33",".336",3089,18.3,43.4,57.3,"3073",,,,"89.1","1.9"
"Wacha, Michael",608379,2017,25,"165.2",636,17,158,55,22.5,7.8,"12","9","4.13","0","30",".305",2690,23,47.8,66,"2681",,"95.1","2159","94.1","2.7"
"Márquez, Germán",608566,2017,22,"162.0",634,25,147,49,21,7,"11","7","4.39","0","29",".324",2661,20.7,48.7,60,"2654",,"95","2174","94.9","2"
"Hamels, Cole",430935,2018,34,"190.2",715,29,188,65,23.4,8.1,"9","12","3.78","0","32",".332",3061,27,47.8,60.1,"3055",,"92.4","2083","90.7","2.8"
"Verlander, Justin",434378,2018,35,"214.0",781,28,290,37,34.8,4.4,"16","9","2.52","0","34",".237",3427,31.6,51.2,68.9,"3420",,"95","2618","95","1.5"
"Lester, Jon",452657,2018,34,"181.2",681,24,149,64,19.6,8.4,"18","6","3.32","0","32",".342",3121,20.3,44.3,57.4,"3108",,"91","2230","90","2"
"LeBlanc, Wade",453281,2018,33,"162.0",614,24,130,40,19.6,6,"9","5","3.72","5","27",".317",2448,21.9,46.2,63.1,"2443",,"86.2","1944","85","2"
"Price, David",456034,2018,32,"176.0",657,25,177,50,24.5,6.9,"16","7","3.58","0","30",".313",2716,22.9,47.5,62.5,"2714",,"92.7","2241","91.2","2.6"
"Gonzalez, Gio",461829,2018,32,"171.0",652,17,148,80,19.8,10.7,"10","11","4.21","0","32",".329",3022,24,43.2,53.9,"3016",,"90.1","2227","89.7","1.6"
"Carrasco, Carlos",471911,2018,31,"192.0",726,21,231,43,29.5,5.5,"17","10","3.38","2","30",".283",2970,33.1,49.7,65.1,"2870",,"93.7","2353","93.5","1.5"
"Gibson, Kyle",502043,2018,30,"196.2",733,23,179,79,21.7,9.6,"10","13","3.62","0","32",".319",3243,26.8,45.2,57.6,"3234",,"93.1","2219","93","1.5"
"Leake, Mike",502190,2018,30,"185.2",739,23,119,34,15.2,4.3,"10","10","4.36","0","31",".348",2798,16.7,49.7,65.3,"2796",,"89.1","2121","88.2","1.7"
"Cole, Gerrit",543037,2018,27,"200.1",723,19,276,64,34.5,8,"15","5","2.88","0","32",".271",3257,30.9,49.6,63.6,"3256",,"96.5","2379","96.5","1.4"
"Hendricks, Kyle",543294,2018,28,"199.0",745,22,161,44,19.8,5.4,"14","11","3.44","0","33",".299",3051,22.1,44.7,65.2,"3046",,"87.3","2074","86.8","1.1"
"Roark, Tanner",543699,2018,31,"180.1",690,24,146,50,19.2,6.6,"9","15","4.34","1","30",".318",2958,20.4,45.8,60.7,"2954",,"91.5","2103","91.3","1.5"
"Corbin, Patrick",571578,2018,28,"200.0",742,15,246,48,30.8,6,"11","7","3.15","0","33",".283",3142,34.7,47.6,64.4,"3138",,"90.8","2267","90.8","1.8"
"Fiers, Mike",571666,2018,33,"172.0",666,32,139,37,19.5,5.2,"12","8","3.56","1","30",".336",2683,19.9,46.6,66.4,"2667",,"89.4","2308","89.4","1.8"
"Mikolas, Miles",571945,2018,29,"200.2",760,16,146,29,18.1,3.6,"18","4","2.83","0","32",".285",3004,20.2,52.5,70.8,"3004",,"94.1","2309","93.9","1.5"
"Gausman, Kevin",592332,2018,27,"183.2",715,26,148,50,19.1,6.4,"10","11","3.92","0","31",".333",3004,24.7,49.3,57.2,"3003",,"93.6","2168","93.6","2.1"
"Taillon, Jameson",592791,2018,26,"191.0",727,20,179,46,22.8,5.9,"14","10","3.20","0","32",".289",2960,23.8,49.3,63.7,"2947",,"95.2","2350","95.2","1.1"
"Clevinger, Mike",605182,2018,27,"200.0",737,21,207,67,25.6,8.3,"13","8","3.02","0","32",".283",3265,27.8,46.4,64.3,"3262",,"93.6","2299","93.6","1.7"
"Freeland, Kyle",607536,2018,25,"202.1",757,17,173,70,20.5,8.3,"17","7","2.85","0","33",".299",3250,21.8,45.8,62.3,"3246",,"91.8","2267","89.4","3.7"
"Giolito, Lucas",608337,2018,23,"173.1",664,27,125,90,16.1,11.6,"10","13","6.13","0","32",".348",3007,21.4,43.4,55.4,"3005",,"92.4","2099","92.4","1.6"
"Márquez, Germán",608566,2018,23,"196.0",742,24,230,57,28.2,7,"14","11","3.77","0","33",".284",3121,28.5,47.4,64.9,"3117",,"95.4","2207","95.2","1.7"
"Berríos, José",621244,2018,24,"192.1",717,25,202,61,25.3,7.7,"12","11","3.84","0","32",".295",3068,26.1,47.9,64.5,"2980",,"93.4","2213","93.2","1.4"
"Godley, Zack",643327,2018,28,"178.1",682,16,185,81,23.4,10.2,"15","11","4.74","1","32",".333",3008,28.2,44.4,60.2,"3006",,"89.2","2360","89.5","1.4"
"Newcomb, Sean",656794,2018,25,"164.0",607,18,160,81,23,11.6,"12","9","3.90","1","30",".297",2921,24.9,44.6,54,"2918",,"93","2179","93","1.7"
"Verlander, Justin",434378,2019,36,"223.0",796,36,300,42,35.4,5,"21","6","2.58","0","34",".248",3448,33.6,51.9,64.3,"3242",,"94.6","2577","94.6","1.3"
"Sánchez, Aníbal",434671,2019,35,"166.0",647,22,134,58,18.8,8.1,"11","8","3.85","0","30",".312",2690,22.4,48.4,64.1,"2689",,"90.2","2238","89.3","2"
"Lester, Jon",452657,2019,35,"171.2",698,26,165,52,21.6,6.8,"13","10","4.46","0","31",".336",3043,21.1,45.7,58.9,"3041",,"90.6","2251","89.1","1.9"
"Lynn, Lance",458681,2019,32,"208.1",801,21,246,59,28.1,6.7,"16","11","3.67","0","33",".283",3553,28.5,49,62.7,"3435",,"94.6","2482","93.2","2.9"
"Nova, Iván",467100,2019,32,"187.0",743,30,114,47,14.1,5.8,"11","12","4.72","0","34",".352",3005,18.5,48.9,60.7,"3003",,"92.5","2246","91.3","2.9"
"Kershaw, Clayton",477132,2019,31,"178.1",654,28,189,41,26.8,5.8,"16","5","3.03","1","28",".289",2672,27.7,51.3,67.6,"2575",,"90.3","2477","90.3","1"
"Samardzija, Jeff",502188,2019,34,"181.1",677,28,140,49,18.9,6.6,"11","12","3.52","0","32",".326",3006,20.2,48.3,61,"3000",,"91.6","2571","90.8","2.2"
"Leake, Mike",502190,2019,31,"197.0",793,41,127,27,15.2,3.2,"12","11","4.29","0","32",".354",2975,18,50.4,63.5,"2968",,"88.6","2086","87.6","1.9"
"Darvish, Yu",506433,2019,32,"178.2",657,33,229,56,31.3,7.7,"6","8","3.98","0","31",".297",2848,30.4,48.3,62.4,"2848",,"94.2","2547","93.8","2.2"
"Bumgarner, Madison",518516,2019,29,"207.2",780,30,203,43,24.1,5.1,"9","9","3.90","0","34",".321",3244,24.6,50.7,69.6,"3239",,"91.4","2405","89.6","2.6"
"Kelly, Merrill",518876,2019,30,"183.1",709,29,158,57,20.3,7.3,"13","14","4.42","0","32",".344",2962,22.4,47.2,58.6,"2960",,"92","2411","91.3","1.9"
"Pérez, Martín",527048,2019,28,"165.1",659,23,135,67,18.3,9.1,"10","7","5.12","3","29",".306",2772,21.7,49,64.3,"2771",,"94.2","2131","91.7","3.5"
"Cole, Gerrit",543037,2019,28,"212.1",762,29,326,48,39.9,5.9,"20","5","2.50","0","33",".237",3362,37.2,49.9,64.3,"3360",,"97.1","2530","97.1","1.6"
"Hendricks, Kyle",543294,2019,29,"177.0",675,19,150,32,20.5,4.4,"11","10","3.46","0","30",".294",2698,22.1,49.3,66.6,"2690",,"87.2","2044","86.9","1.2"
"Roark, Tanner",543699,2019,32,"165.1",655,28,158,51,21.9,7.1,"10","10","4.35","0","31",".341",2992,21.1,45.9,57.3,"2884",,"92.1","2145","92","1.4"
"Tanaka, Masahiro",547888,2019,30,"182.0",713,28,149,40,19.6,5.3,"11","9","4.45","1","31",".316",2787,23.2,50.4,68.8,"2787",,"91.5","2143","91.1","1.7"
"Ryu, Hyun Jin",547943,2019,32,"182.2",685,17,163,24,22.5,3.3,"14","5","2.32","0","29",".281",2706,24.9,49.7,62,"2705",,"90.7","2084","89.4","2.5"
"Corbin, Patrick",571578,2019,29,"202.0",746,24,238,70,28.5,8.4,"14","7","3.25","0","33",".303",3299,31.7,47.4,62.4,"3299",,"91.8","2283","91.8","1.6"
"Fiers, Mike",571666,2019,34,"184.2",683,30,126,53,16.7,7,"15","4","3.90","0","33",".335",2899,18.2,47.3,65.1,"2837",,"90.4","2322","90.3","1.5"
"Mikolas, Miles",571945,2019,30,"184.0",710,27,144,32,18.8,4.2,"9","14","4.16","0","32",".329",2867,21.7,49.3,65.7,"2804",,"93.7","2302","93.6","1.4"
"Ray, Robbie",592662,2019,27,"174.1",642,30,235,84,31.5,11.2,"12","8","4.34","0","33",".322",3064,32.7,45.4,59.6,"3058",,"92.4","2257","92.4","1.5"
"Giolito, Lucas",608337,2019,24,"176.2",640,24,228,57,32.3,8.1,"14","9","3.41","0","29",".283",2814,32.4,49.6,62.1,"2814",,"94.2","2333","94.2","1.4"
"Márquez, Germán",608566,2019,24,"174.0",671,29,175,35,24.3,4.9,"12","5","4.76","0","28",".327",2616,26.6,49.5,63.8,"2616",,"95.7","2225","95.4","1.7"
"Eflin, Zach",621107,2019,25,"163.1",642,28,129,48,18.3,6.8,"10","13","4.13","4","28",".307",2571,20.3,47.8,68.4,"2571",,"93.8","2186","93.5","1.3"
"Berríos, José",621244,2019,25,"200.1",774,26,195,51,23.2,6.1,"14","8","3.68","0","32",".304",3132,23.5,49.1,65.2,"3132",,"93.1","2190","92.7","1.5"
"Hudson, Dakota",641712,2019,24,"174.2",652,22,136,86,18,11.4,"16","7","3.35","1","32",".337",2848,23.7,44.2,56.1,"2846",,"93.9","2168","93.6","1.2"
"Alcantara, Sandy",645261,2019,23,"197.1",743,23,151,81,18,9.7,"6","14","3.88","0","32",".322",3091,23.8,49.6,60.5,"3090",,"95.6","2356","95.5","1.6"
"Soroka, Michael",647336,2019,21,"174.2",647,14,142,41,20.3,5.8,"13","4","2.68","0","29",".305",2557,22.9,48.8,63.8,"2553",,"92.9","2362","92.4","1.5"
"Flaherty, Jack",656427,2019,23,"196.1",704,25,231,55,29.9,7.1,"11","8","2.75","0","33",".279",3179,30.7,48,60.4,"3178",,"94.3","2222","93.8","2"
"Lester, Jon",452657,2020,36,"61.0",244,11,42,17,15.8,6.4,"3","3","5.16","0","12",".363",1008,18.1,44.3,58.9,"1008",36.7,"89.4","2223","88.4","1.6"
"Lynn, Lance",458681,2020,33,"84.0",311,13,89,25,25.9,7.3,"6","3","3.32","0","13",".279",1408,25.4,49.5,61,"1407",33.2,"94","2491","92.5","2.8"
"Carrasco, Carlos",471911,2020,33,"68.0",249,8,82,27,29.3,9.6,"3","4","2.91","0","12",".300",1101,32.8,48.8,63.9,"1101",35.6,"93.7","2472","93.5","1.5"
"Gibson, Kyle",502043,2020,32,"67.1",265,12,58,30,19.3,10,"2","6","5.35","0","12",".360",1139,23.3,41.5,65.1,"1139",46.8,"92.4","2261","92.2","1.3"
"Darvish, Yu",506433,2020,33,"76.0",280,5,93,14,31.3,4.7,"8","3","2.01","0","12",".269",1153,32.1,49.7,63.3,"1153",44.8,"95.9","2582","95.2","1.9"
"Pérez, Martín",527048,2020,29,"62.0",229,8,46,28,17.6,10.7,"3","5","4.50","0","12",".334",1033,22.1,43.3,64.9,"1033",45.6,"92.2","2049","90.4","2.4"
"Cole, Gerrit",543037,2020,29,"73.0",269,14,94,17,32.6,5.9,"7","3","2.84","0","12",".273",1203,34.2,49.6,63.5,"1203",38.2,"96.7","2505","96.7","1.4"
"Hendricks, Kyle",543294,2020,30,"81.1",304,10,64,8,20.3,2.5,"6","5","2.88","0","12",".274",1162,24.9,49.8,66.7,"1150",50.4,"87.4","1969","87.3","1.2"
"Ryu, Hyun Jin",547943,2020,33,"67.0",256,6,72,17,26.2,6.2,"5","2","2.69","0","12",".274",1132,26.2,49.3,58.2,"1132",39.2,"89.8","1995","87.9","2.7"
"Corbin, Patrick",571578,2020,30,"65.2",276,10,60,18,20.3,6.1,"2","7","4.66","0","11",".343",1068,23.6,50.4,64.1,"1068",43.1,"90.2","2158","90.1","1.6"
"Davies, Zach",605200,2020,27,"69.1",255,9,63,19,22.8,6.9,"7","4","2.73","0","12",".344",1055,25.5,41.7,56.2,"1055",38.8,"88.7","1999","88.1","1.4"
"Freeland, Kyle",607536,2020,27,"70.2",277,9,46,23,15.1,7.6,"2","3","4.33","0","13",".343",1124,20.5,45.9,56.3,"1124",30,"92.2","2448","89.5","3.6"
"Giolito, Lucas",608337,2020,25,"72.1",255,8,97,28,33.7,9.7,"4","3","3.48","0","12",".270",1214,36.6,50.7,59.4,"1214",57.8,"94","2349","94","1.4"
"Márquez, Germán",608566,2020,25,"81.2",316,6,73,25,21.2,7.3,"4","6","3.75","0","13",".315",1226,26.3,49,66.3,"1226",37.4,"95.9","2157","95.6","1.7"
"Berríos, José",621244,2020,26,"63.0",240,8,68,26,25.1,9.6,"5","4","4.00","0","12",".322",1102,27.5,45.9,63.1,"1102",36.1,"94.5","2192","94.2","1.2"
"Lamet, Dinelson",659275,2020,27,"69.0",242,5,93,20,34.8,7.5,"3","1","2.09","0","12",".259",1046,32.7,47.4,65.5,"1046",45,"97","2496","97","1.4"
"Valdez, Framber",664285,2020,26,"70.2",263,5,76,16,26.4,5.6,"5","3","3.57","1","10",".301",1049,24.5,44.8,59.7,"1049",40,"93.7","2330","93.1","1.5"
"Gibson, Kyle",502043,2021,33,"182.0",675,17,155,64,20.6,8.5,"10","9","3.71","1","30",".302",2881,25.2,44.8,59.4,"2881",44.1,"92.8","2292","91.7","1.9"
"Darvish, Yu",506433,2021,34,"166.1",623,28,199,44,29.2,6.5,"8","11","4.22","0","30",".280",2769,27.3,47.6,60.6,"2769",46.5,"94.5","2513","94.1","2.5"
"Cole, Gerrit",543037,2021,30,"181.1",677,24,243,41,33.5,5.6,"16","8","3.23","0","30",".272",2969,31.9,48.9,66.8,"2969",40.6,"97.7","2452","97.7","1.4"
"Eovaldi, Nathan",543135,2021,31,"182.1",719,15,195,35,25.5,4.6,"11","9","3.75","0","32",".285",2927,25.9,51.6,65.3,"2927",36.8,"96.8","2113","95.8","2.5"
"Hendricks, Kyle",543294,2021,31,"181.0",719,31,131,44,16.7,5.6,"14","7","4.77","0","32",".338",2809,20.1,48.6,67.8,"2809",46.4,"87.3","1941","87.3","1.4"
"Lyles, Jordan",543475,2021,30,"180.0",697,38,146,56,19,7.3,"10","13","5.15","2","30",".350",2964,23.5,48.2,59.4,"2964",45.1,"93","2278","92.4","2.1"
"Ryu, Hyun Jin",547943,2021,34,"169.0",658,24,143,37,20.4,5.3,"14","10","4.37","0","31",".322",2689,22.6,47.5,63.9,"2689",40.4,"89.9","1943","88.4","2.8"
"Corbin, Patrick",571578,2021,31,"171.2",672,37,143,60,19,8,"9","16","5.82","0","31",".358",2750,24.9,47.9,66,"2750",47,"92.2","2149","92.4","1.7"
"Gausman, Kevin",592332,2021,30,"192.0",715,20,227,50,29.3,6.5,"14","6","2.81","0","33",".291",3002,31.4,52.4,63.6,"3002",41.3,"94.6","2283","94.6","1.7"
"Ray, Robbie",592662,2021,29,"193.1",714,33,248,52,32.1,6.7,"13","7","2.84","0","32",".293",3141,32.3,52,61.6,"3141",46.4,"94.8","2272","94.8","1.4"
"Montas, Frankie",593423,2021,28,"187.0",707,20,207,57,26.6,7.3,"13","9","3.37","0","32",".305",3028,29.6,50.5,65.2,"3028",51.5,"96.4","2395","95.6","2.4"
"Giolito, Lucas",608337,2021,26,"178.2",662,27,201,51,28,7.1,"11","9","3.53","0","31",".281",2970,32.2,50.5,59.9,"2970",56.5,"93.8","2345","93.8","1.3"
"Márquez, Germán",608566,2021,26,"180.0",682,21,176,64,23.3,8.5,"12","11","4.40","0","32",".310",2788,27.2,47.8,57.8,"2788",40.2,"94.8","2078","94.7","1.5"
"McCullers Jr., Lance",621121,2021,27,"162.1",596,13,185,76,27,11.1,"13","5","3.16","0","28",".284",2788,30.2,41.6,55.6,"2788",31.4,,,"93.7","2"
"Berríos, José",621244,2021,27,"192.0",714,22,204,45,26.1,5.8,"12","9","3.52","0","32",".312",3043,23.7,47,64.5,"3043",38.2,"94.1","2231","93.9","1.2"
"Flexen, Chris",623167,2021,26,"179.2",690,19,125,40,16.9,5.4,"14","6","3.61","0","31",".319",2811,19.3,49.8,63.4,"2811",67.2,"92.8","2107","91.2","2.5"
"Urías, Julio",628711,2021,24,"185.2",691,19,195,38,26.2,5.1,"20","3","2.96","0","32",".274",2786,24.3,51.3,70.7,"2786",47.9,"94.1","2499","94.1","1.3"
"Mahle, Tyler",641816,2021,26,"180.0",674,24,210,64,27.7,8.4,"13","6","3.75","0","33",".298",3196,28.4,45.2,63.9,"3196",39.8,"94","2336","93.4","2.9"
"Alcantara, Sandy",645261,2021,25,"205.2",768,21,201,50,24,6,"9","15","3.19","0","33",".289",3095,27.5,53.3,64,"3095",35.1,"98.1","2239","97.8","1.4"
"Verlander, Justin",434378,2022,39,"175.0",625,12,185,29,27.8,4.4,"18","4","1.75","0","28",".258",2607,24.2,53.7,62,"2607",52.3,"95","2423","95","1.3"
"Gibson, Kyle",502043,2022,34,"167.2",656,24,144,48,20.1,6.7,"10","8","5.05","0","31",".326",2739,25.2,48.5,58.9,"2739",41.5,"92","2279","90.9","1.9"
"Darvish, Yu",506433,2022,35,"194.2",715,22,197,37,25.6,4.8,"16","8","3.10","0","30",".294",2971,25.1,49.7,64.2,"2971",39.7,"95","2419","94.4","2.1"
"Kelly, Merrill",518876,2022,33,"200.1",739,21,177,61,22,7.6,"13","8","3.37","0","33",".299",3071,23.6,48.5,62.4,"3070",26.5,"92.6","2361","92.1","1.6"
"Pérez, Martín",527048,2022,31,"196.1",738,11,169,69,20.6,8.4,"12","8","2.89","0","32",".299",2979,21,44.5,62.6,"2979",41.7,"92.9","2068","91.6","2.1"
"Cole, Gerrit",543037,2022,31,"200.2",738,33,257,50,32.4,6.3,"13","8","3.50","0","33",".290",3274,34.1,48.2,61.5,"3274",39.7,"97.8","2428","97.1","2.4"
"Lyles, Jordan",543475,2022,31,"179.0",710,26,144,52,18.6,6.7,"12","11","4.42","0","32",".343",2988,21.9,46.3,61.4,"2988",43.2,"91.8","2206","91.1","2.1"
"Mikolas, Miles",571945,2022,33,"202.1",751,25,153,39,19,4.8,"12","13","3.29","1","32",".310",3152,18.7,48.9,63.4,"3152",48,"93.5","2291","93.3","1.5"
"Gausman, Kevin",592332,2022,31,"174.2",690,15,205,28,28.3,3.9,"12","10","3.35","0","31",".288",2783,29.4,55.9,68,"2783",39.6,"95","2265","95","1.8"
"Ray, Robbie",592662,2022,30,"189.0",705,32,212,62,27.4,8,"12","12","3.71","0","32",".299",3047,30,51.5,64.4,"3047",44.5,"93.4","2284","93.4","1.5"
"Taillon, Jameson",592791,2022,30,"177.1",684,26,151,32,20.7,4.4,"14","5","3.91","0","32",".320",2805,23.1,49.1,63.7,"2798",43.3,"94.1","2371","93.4","1.9"
"Freeland, Kyle",607536,2022,29,"174.2",687,19,131,53,17.1,6.9,"9","11","4.53","0","31",".352",2839,20.8,47.5,61.9,"2839",24.8,"90.3","2392","88.5","2.9"
"Márquez, Germán",608566,2022,27,"181.2",704,30,150,63,19.3,8.1,"9","13","4.95","0","31",".330",2839,23.2,49.7,65.1,"2839",34.2,"95.6","2139","95.4","1.6"
"Berríos, José",621244,2022,28,"172.0",692,29,149,45,19.8,6,"12","7","5.23","0","32",".350",2721,21.3,48.6,66.1,"2721",34.8,"94","2241","93.9","1.3"
"Urías, Julio",628711,2022,25,"175.0",639,23,166,41,24.1,6,"17","7","2.16","0","31",".266",2622,23.9,51.8,66.6,"2622",42,"93.1","2521","93.1","1.5"
"López, Pablo",641154,2022,26,"180.0",671,21,174,53,23.6,7.2,"10","10","3.75","0","32",".301",2910,28.2,49.6,62.9,"2910",29.6,"93.6","2197","92.7","2.6"
"Alcantara, Sandy",645261,2022,26,"228.2",820,16,207,50,23.4,5.6,"14","9","2.28","0","32",".270",3248,25.4,53.4,62.5,"3247",33.9,"98","2200","97.9","1.3"
"Wright, Kyle",657140,2022,26,"180.1",672,19,174,53,23.6,7.2,"21","5","3.19","0","30",".309",2697,26.5,48.8,64.6,"2697",28.7,"95.2","2389","94.7","1.5"
"McKenzie, Triston",663474,2022,24,"191.1",688,25,190,44,25.6,5.9,"11","11","2.96","1","30",".298",2807,26.8,52.7,62.5,"2807",51.9,"92.5","2312","92.5","1.5"
"McClanahan, Shane",663556,2022,25,"166.1",597,19,194,37,30.3,5.8,"12","8","2.54","1","28",".262",2463,34.3,49.5,62.8,"2463",39,"96.7","2233","96.7","1.5"
"Valdez, Framber",664285,2022,28,"201.1",745,11,194,67,23.5,8.1,"17","6","2.82","0","31",".285",3018,25.8,47,59.3,"3018",43.2,"94.1","2201","93.9","1.5"
"Manoah, Alek",666201,2022,24,"196.2",713,16,180,51,22.9,6.5,"16","7","2.24","0","31",".286",2949,24.9,49.5,61.8,"2949",38.2,"93.9","2369","93.6","1.6"
"Verlander, Justin",434378,2023,40,"162.1",615,18,144,45,21.5,6.7,"13","8","3.22","0","27",".295",2602,22.5,49.6,57.4,"2602",55.2,"94.3","2428","94.3","1.3"
"Lynn, Lance",458681,2023,36,"183.2",729,44,191,67,23.6,8.3,"13","11","5.73","0","32",".336",3167,28.8,50.1,64.2,"3167",32.5,"92.4","2424","91.2","2.3"
"Gibson, Kyle",502043,2023,35,"192.0",732,23,157,55,19.5,6.8,"15","9","4.73","0","33",".333",3038,25.4,45.6,62.5,"3038",43.8,"92.1","2258","91.3","1.7"
"Kelly, Merrill",518876,2023,34,"177.2",645,20,187,68,25.9,9.4,"12","8","3.29","0","30",".313",2803,27,49.1,61,"2803",26.9,"92.2","2344","91.8","1.7"
"Cole, Gerrit",543037,2023,32,"209.0",761,20,222,48,27,5.8,"15","4","2.63","0","33",".288",3281,26.2,50.1,67.7,"3281",42.1,"96.7","2412","96.2","2"
"Lyles, Jordan",543475,2023,32,"177.2",689,39,120,45,16,6,"6","17","6.28","0","31",".339",2817,20.1,48.1,59.9,"2816",43.7,"91.2","2251","90.4","2.2"
"Corbin, Patrick",571578,2023,33,"180.0",717,33,124,57,15.7,7.2,"10","15","5.20","0","32",".373",2922,21.4,45.7,65.4,"2922",40.9,"91.7","2101","92","1.2"
"Mikolas, Miles",571945,2023,34,"201.1",802,26,137,39,15.9,4.5,"9","13","4.78","0","35",".355",3197,16.7,49.7,68,"3197",47.5,"93.3","2276","93","1.4"
"Kikuchi, Yusei",579328,2023,32,"167.2",646,27,181,48,25.9,6.9,"11","6","3.86","0","32",".318",2818,28,48.7,59.4,"2817",42,"95.1","2339","95","1.2"
"Gausman, Kevin",592332,2023,32,"185.0",700,19,237,55,31.1,7.2,"12","9","3.16","0","31",".303",3069,28.9,49.3,63.4,"3069",38.4,"94.7","2278","94.6","2.2"
"Walker, Taijuan",592836,2023,30,"172.2",650,20,138,71,18.8,9.7,"15","6","4.38","0","31",".323",2837,20.5,44.1,60.7,"2837",39.9,"92.8","2114","91","3.3"
"Giolito, Lucas",608337,2023,28,"184.1",705,41,204,73,25.7,9.2,"8","15","4.88","0","33",".329",3190,28.8,46.8,61.3,"3190",51.4,"93.1","2173","93.1","1.4"
"Eflin, Zach",621107,2023,29,"177.2",671,19,186,24,26.5,3.4,"16","8","3.50","0","31",".271",2577,24.1,49.9,65.7,"2577",32.7,"93.1","2229","90.8","2.5"
"Berríos, José",621244,2023,29,"189.2",717,25,184,52,23.5,6.6,"11","12","3.65","0","32",".327",2937,25.5,46.5,63,"2937",41.3,"94.3","2230","94","1.3"
"López, Pablo",641154,2023,27,"194.0",738,24,234,48,29.2,6,"11","8","3.66","0","32",".270",3024,30.3,51.7,68.9,"3024",36.1,"94.9","2262","94.8","1.1"
"Dunning, Dane",641540,2023,28,"172.2",652,20,140,55,19.4,7.6,"12","7","3.70","9","26",".325",2696,22.3,47,63,"2696",37.6,"90.6","2169","90.2","1.6"
"Peralta, Freddy",642547,2023,27,"165.2",617,26,210,54,30.9,7.9,"12","10","3.86","0","30",".284",2839,33.6,47.8,62.4,"2839",35.7,"94.4","2414","94.4","1.7"
"Alcantara, Sandy",645261,2023,27,"184.2",700,22,151,48,19.8,6.3,"7","12","4.14","0","28",".319",2721,25.4,54.2,65,"2721",33.7,"98","2255","97.8","1.2"
"Keller, Mitch",656605,2023,27,"194.1",752,25,210,55,25.5,6.7,"13","9","4.21","0","32",".315",3119,23.2,47.8,63.8,"3119",38.9,"95.2","2378","92.9","3.2"
"Steele, Justin",657006,2023,27,"173.1",666,14,176,36,24.6,5,"16","5","3.06","0","30",".291",2678,24,52.9,65.5,"2678",47.3,"91.8","2402","91.8","1.5"
"Valdez, Framber",664285,2023,29,"198.0",728,19,200,57,24.8,7.1,"12","11","3.45","0","31",".319",2952,26.8,47.2,58.8,"2950",49,"94.5","2121","94.9","2.3"
"Kremer, Dean",665152,2023,27,"172.2",673,27,157,55,21.4,7.5,"13","5","4.12","0","32",".338",2925,24,47.7,62.6,"2925",37.4,"94.6","2305","92.2","3.2"
"Bradish, Kyle",680694,2023,26,"168.2",615,14,168,44,25,6.6,"12","7","2.83","0","30",".300",2639,26,45.8,57.7,"2638",53.7,"94.5","2383","94.6","1.6"
"Elder, Bryce",693821,2023,24,"174.2",654,19,128,63,17.5,8.6,"12","4","3.81","0","31",".327",2849,23.6,46.3,63.1,"2849",52.9,"90.8","2132","89.8","1.3"
"Gibson, Kyle",502043,2024,36,"169.2",641,23,151,68,20.9,9.4,"8","8","4.24","0","30",".340",2764,25.9,42.9,57.6,"2764",45.1,"91.4","2232","90.1","1.9"
"Sale, Chris",519242,2024,35,"177.2",652,9,225,39,32.1,5.6,"18","3","2.38","0","29",".263",2815,31,49,69.1,"2815",10.9,"94.8","2240","94.7","1.9"
"Eovaldi, Nathan",543135,2024,34,"170.2",642,23,166,42,23.9,6,"12","8","3.80","0","29",".309",2622,26.8,52.2,65.7,"2622",32.6,"95.4","2188","94.2","2.5"
"Corbin, Patrick",571578,2024,34,"174.2",697,25,139,54,18.2,7.1,"6","13","5.62","0","32",".360",2888,22.4,48.2,65.4,"2888",38.5,"91.3","2149","89.6","3.4"
"Mikolas, Miles",571945,2024,35,"171.2",683,26,122,25,16.9,3.5,"10","11","5.35","0","32",".334",2705,16.4,49.8,72.4,"2703",43.3,"93.2","2253","92.8","1.4"
"Kikuchi, Yusei",579328,2024,33,"175.2",683,25,206,44,28,6,"9","10","4.05","0","32",".301",2923,29,48.4,65.4,"2923",41.9,"95.5","2289","95.5","1.3"
"Gausman, Kevin",592332,2024,33,"181.0",693,20,162,56,21.4,7.4,"14","11","3.83","0","31",".337",2958,23.4,49.9,64.4,"2868",36.2,"94","2287","93.9","2"
"Taillon, Jameson",592791,2024,32,"165.1",633,21,125,33,18.5,4.9,"12","8","3.27","0","28",".314",2483,19.5,48.2,65.6,"2483",45,"92.3","2283","90.1","3.4"
"Gomber, Austin",596295,2024,30,"165.0",653,30,116,38,16.7,5.5,"5","12","4.75","0","30",".350",2622,19.9,48.3,62.2,"2621",53.1,"90.4","2180","90.4","1.5"
"Rea, Colin",607067,2024,33,"167.2",656,29,135,43,18.9,6,"12","6","4.29","5","27",".342",2650,19.3,46.8,64.8,"2650",34.5,"93","2174","91.2","2.9"
"Wacha, Michael",608379,2024,32,"166.2",625,17,145,45,21.2,6.6,"13","8","3.35","0","29",".314",2602,23.3,48.5,64.4,"2602",51.5,"93.6","2131","92.5","2.7"
"Eflin, Zach",621107,2024,30,"165.1",653,22,134,24,19.6,3.5,"10","9","3.59","0","28",".303",2447,21.6,50,66.5,"2447",27.2,"92.5","2204","90.3","2.5"
"Berríos, José",621244,2024,30,"192.1",714,31,153,54,19.5,6.9,"16","11","3.60","0","32",".336",2914,21.1,46.7,64.8,"2914",39.6,"94.1","2164","93.5","1.6"
"López, Pablo",641154,2024,28,"185.1",715,26,198,41,25.6,5.3,"15","10","4.08","0","32",".302",2986,27,51.8,67.5,"2986",38.3,"95","2206","94.9","1.3"
"Ober, Bailey",641927,2024,28,"178.2",655,27,191,43,26.9,6.1,"12","9","3.98","0","31",".284",2696,29,52.4,67.4,"2696",35,"91.7","2303","91.7","1"
"Peralta, Freddy",642547,2024,28,"173.2",639,26,200,68,27.6,9.4,"11","9","3.68","0","32",".307",3066,31.1,46.9,61.4,"3066",36.9,"94.3","2436","94.3","1.9"
"King, Michael",650633,2024,29,"173.2",653,17,201,63,27.7,8.7,"13","9","2.95","1","30",".295",2895,29.3,45.4,66.1,"2895",29.2,"93.7","2286","93.3","1.4"
"Sánchez, Cristopher",650911,2024,27,"181.2",706,11,153,44,20.3,5.8,"11","9","3.32","0","31",".298",2797,24.3,51.6,65.8,"2797",32.2,,,"94.4","1.5"
"Flaherty, Jack",656427,2024,28,"162.0",605,24,194,38,29.9,5.9,"13","7","3.17","0","28",".296",2646,32.1,46.2,61.2,"2569",28.3,"93.3","2258","93.2","1.9"
"Houck, Tanner",656557,2024,28,"178.2",674,11,154,48,20.7,6.5,"9","10","3.12","0","30",".318",2735,22.6,46.8,64.9,"2735",22.2,"95.1","2274","93.3","2"
"Keller, Mitch",656605,2024,28,"178.0",697,23,166,50,21.5,6.5,"11","12","4.25","0","31",".322",2851,21.5,47.6,61.4,"2849",34.7,"94.5","2404","93.3","2.3"
"Feltner, Ryan",663372,2024,27,"162.1",628,20,138,52,19.9,7.5,"3","10","4.49","0","30",".326",2578,23.9,48.1,62.6,"2577",42,"94.6","2354","94.5","1.4"
"Irvin, Jake",663623,2024,27,"187.2",710,29,156,52,20.3,6.8,"10","14","4.41","0","33",".323",3046,22.3,48.5,61.5,"3046",28.6,"93.9","2377","93.3","2.1"
"Valdez, Framber",664285,2024,30,"176.1",634,13,169,55,24,7.8,"15","7","2.91","0","28",".292",2598,27.2,45,61.9,"2598",42.7,"94.8","2160","94.1","2"
"Gore, MacKenzie",669022,2024,25,"166.1",649,15,181,65,24.8,8.9,"10","12","3.90","0","32",".317",2994,28.6,50.4,58.1,"2994",47.2,"96","2309","95","2.5"
"Skubal, Tarik",669373,2024,27,"192.0",705,15,228,35,30.3,4.6,"18","4","2.39","0","31",".258",2866,31.9,51.8,68.7,"2838",48.3,"96.9","2226","96.8","1.5"
"Blanco, Ronel",669854,2024,30,"167.1",599,22,166,68,24.6,10.1,"13","6","2.80","1","29",".311",2751,29,48.6,60.5,"2751",46.5,"93.4","2228","93.4","1.1"
"Crawford, Kutter",676710,2024,28,"183.2",695,34,175,51,23.1,6.7,"9","16","4.36","0","33",".307",2823,25.3,52,63.6,"2823",47.7,"92.6","2505","90.1","3.1"
"Bello, Brayan",678394,2024,25,"162.1",622,19,153,64,21.8,9.1,"14","8","4.49","0","30",".331",2710,25.9,46.3,64.1,"2710",28.2,"95.7","2192","95.7","1.3"
"Miller, Bryce",682243,2024,25,"180.1",654,21,171,45,24.3,6.4,"12","8","2.94","0","31",".301",2749,24.4,48.9,62.2,"2749",43.1,"95.2","2484","94.9","1.2"
"Imanaga, Shota",684007,2024,30,"173.1",662,27,174,28,25.1,4,"15","3","2.91","0","29",".289",2590,28.3,55.7,68,"2590",39.5,"91.7","2442","91.5","1.5"
"Kelly, Merrill",518876,2025,36,"184.0",696,23,167,48,22.3,6.4,"12","9","3.52","0","32",".316",2833,24.1,49.3,64.8,"2833",23.8,"91.9","2369","91.5","1.6"
"Hendricks, Kyle",543294,2025,35,"164.2",638,25,114,43,16.4,6.2,"8","10","4.76","0","31",".308",2573,18.3,48,65.6,"2571",42.6,"86.5","2051","86.3","1"
"Kikuchi, Yusei",579328,2025,34,"178.1",689,24,174,74,22.5,9.6,"7","11","3.99","0","33",".327",3094,23.6,48.3,63,"3094",36.5,"94.8","2185","94.8","1.4"
"Gausman, Kevin",592332,2025,34,"193.0",716,21,189,50,24.4,6.5,"10","11","3.59","0","32",".301",3030,26.4,51.6,68.8,"3030",36.7,"94.5","2260","94.5","1.7"
"Ray, Robbie",592662,2025,33,"182.1",671,22,186,73,24.6,9.7,"11","8","3.65","0","32",".300",3069,27.8,49.3,59.1,"3069",45.7,"93.6","2360","93.6","1.5"
"Springs, Jeffrey",605488,2025,32,"171.0",647,28,138,54,19.4,7.6,"11","11","4.11","2","30",".321",2847,26,46.3,60.3,"2847",43.2,"90.7","2171","90.3","1.9"
"Martinez, Nick",607259,2025,34,"165.2",621,22,116,42,17,6.1,"11","14","4.45","14","26",".312",2578,19.9,47.1,61.3,"2577",57.8,"92.6","2316","91.3","2.2"
"Freeland, Kyle",607536,2025,32,"162.2",657,22,124,38,17.5,5.4,"5","17","4.98","0","31",".342",2482,21,51.3,68.5,"2482",28.3,"91.6","2401","90.3","2.6"
"Wacha, Michael",608379,2025,33,"172.2",658,15,126,45,17.6,6.3,"10","13","3.86","0","31",".317",2666,21.3,50.4,63.3,"2665",50.9,"93.1","2160","91.7","2.9"
"Berríos, José",621244,2025,31,"166.0",632,26,138,56,19.8,8,"9","5","4.17","1","30",".337",2584,22,46.1,64.3,"2584",38.7,"93","2130","92.2","1.8"
"Littell, Zack",641793,2025,29,"186.2",712,36,130,32,17.1,4.2,"10","8","3.81","0","32",".323",2788,20.4,51.8,63.4,"2788",39.4,"92.1","2005","91.9","1.3"
"Peralta, Freddy",642547,2025,29,"176.2",643,21,204,66,28.2,9.1,"17","6","2.70","0","33",".289",3086,30.1,46.9,63.3,"3086",38.3,"94.8","2441","94.8","1.6"
"Alcantara, Sandy",645261,2025,29,"174.2",669,22,142,57,19.1,7.7,"11","12","5.36","0","31",".332",2891,20.9,49.5,63,"2891",31.8,"97.7","2286","97.4","1.4"
"Sánchez, Cristopher",650911,2025,28,"202.0",754,12,212,44,26.3,5.5,"13","5","2.50","0","32",".272",2896,30.4,49.5,65.4,"2895",29.6,,,"95.4","1.2"
"Keller, Mitch",656605,2025,29,"176.1",686,21,150,51,20,6.8,"6","15","4.19","0","32",".326",2870,20.6,48.5,59.9,"2870",37.9,"94.1","2404","93.7","1.5"
"Peterson, David",656849,2025,29,"168.2",643,11,150,65,20.7,9,"9","6","4.22","0","30",".331",2699,24,46.8,63.8,"2699",40.4,"92.3","2132","91.7","1.6"
"Ryan, Joe",657746,2025,29,"171.0",633,26,194,39,28.2,5.7,"13","10","3.42","1","30",".289",2795,26.1,49.7,66,"2794",25.3,"93.7","2295","93.6","1.6"
"Irvin, Jake",663623,2025,28,"180.0",717,38,124,62,15.8,7.9,"9","13","5.70","0","33",".360",2945,18.2,46.8,64.9,"2944",27.1,"92.4","2332","91.8","2.3"
"Valdez, Framber",664285,2025,31,"192.0",717,15,187,68,23.3,8.5,"13","11","3.66","0","31",".303",2891,26.6,47.3,61.7,"2891",41.7,"94.3","2248","94.2","1.7"
"Kremer, Dean",665152,2025,29,"171.2",656,22,142,45,20.1,6.4,"11","10","4.19","2","29",".304",2753,22.9,49.4,65.7,"2692",43.4,"93.3","2281","91.2","3.5"
"Soriano, José",667755,2025,26,"169.0",634,12,152,78,21,10.8,"10","11","4.26","0","31",".312",2784,27,44.8,57.9,"2784",36.4,"97.9","2225","97.3","1.3"
"Williams, Gavin",668909,2025,25,"167.2",615,23,173,83,24.6,11.8,"12","5","3.06","0","31",".321",2925,27.7,45.7,57.7,"2925",34.5,"96.6","2307","95.3","2.7"
"Baz, Shane",669358,2025,26,"166.1",633,26,176,64,24.8,9,"10","12","4.87","0","31",".306",2718,25.8,49.2,62.3,"2718",36.7,"97","2456","95.3","3.8"
"Skubal, Tarik",669373,2025,28,"195.1",706,18,241,33,32.2,4.4,"13","6","2.21","0","31",".258",2849,32.5,54.8,71.5,"2849",49.4,"97.6","2354","97.4","1.4"
"Pallante, Andre",669467,2025,26,"162.2",640,21,111,62,15.5,8.7,"6","15","5.31","0","31",".321",2720,22.3,45.9,62.4,"2720",57.9,"94.5","2307","94.6","1.3"
"Abbott, Andrew",671096,2025,26,"166.1",631,19,149,43,21.8,6.3,"10","7","2.87","0","29",".294",2677,24,50,63.5,"2677",47.5,"92.8","2275","92.4","1.8"
"Bello, Brayan",678394,2025,26,"166.2",620,16,124,59,17.7,8.4,"11","9","3.35","1","28",".327",2697,20.1,45.8,63,"2641",32.8,"95.1","2161","93.5","3.6"
"Skenes, Paul",694973,2025,23,"187.2",684,11,216,42,29.5,5.7,"10","10","1.97","0","32",".255",2997,30.1,49.6,60.8,"2997",23.4,"98.2","2255","98.1","1"
"Warren, Will",701542,2025,26,"162.1",631,22,171,65,24.1,9.1,"9","8","4.44","0","33",".330",2802,24.6,42.8,63.7,"2802",27.3,"93.3","2573","93.3","1.3"
"Yamamoto, Yoshinobu",808967,2025,26,"173.2",619,14,201,59,29.4,8.6,"12","8","2.49","0","30",".259",2789,28.9,46.7,61.8,"2789",42.9,"95.4","2200","94.4","2.3"
"Sabathia, CC",282332,2015,34,"167.1",659,28,137,50,18.9,6.9,"6","10","4.73","0","29",".304",2703,21.6,46.2,62.5,"2693",,"90.8","2114","90.2","2.2"
"Harang, Aaron",421685,2015,37,"172.1",681,26,108,51,14.4,6.8,"6","15","4.86","0","29",".345",2844,17,48.1,62.3,"2832",,"89.6","2349","89.8","1.9"
"Greinke, Zack",425844,2015,31,"222.2",790,14,200,40,23.7,4.7,"19","3","1.66","0","32",".255",3239,27.1,48.1,64.1,"3230",,"92.4","2406","92.3","1.6"
"Simon, Alfredo",430580,2015,34,"187.0",729,24,117,68,14.3,8.3,"13","12","5.05","0","31",".352",3059,18.7,46.8,55.9,"3011",,"93.5","2252","92.7","2.6"
"Danks, John",433579,2015,30,"177.2",695,24,124,56,16.1,7.3,"7","15","4.71","0","30",".312",2918,20,48.1,62.6,"2911",,"90","2358","89.2","2.4"
"Hernández, Félix",433587,2015,29,"201.2",750,23,191,58,23.2,7,"18","9","3.53","0","31",".291",3040,25.1,47,63.5,"3036",,"92.6","1945","92.2","1.6"
"Jiménez, Ubaldo",434622,2015,31,"184.0",707,20,168,68,21.2,8.6,"12","10","4.11","0","32",".305",3060,21.5,41.9,60.6,"3048",,"91.3","2130","91","1.9"
"Kluber, Corey",446372,2015,29,"222.0",819,22,245,45,27.7,5.1,"9","16","3.49","0","32",".284",3273,27,51.1,63.5,"3262",,"93.2","2381","93.4","1.5"
"Shields, James",448306,2015,33,"202.1",763,33,216,81,25.1,9.4,"13","7","3.91","0","33",".308",3336,28.8,45.8,60.6,"3315",,"91.7","2278","90","3.1"
"Volquez, Edinson",450172,2015,31,"200.1",758,16,155,72,18.2,8.5,"13","9","3.55","1","33",".329",3298,22.5,45.7,58.1,"3294",,"94.4","2333","94.3","1.5"
"Scherzer, Max",453286,2015,30,"228.2",847,27,276,34,30.7,3.8,"14","12","2.79","0","33",".253",3359,31,55.2,71.3,"3353",,"94.8","2498","94.7","2"
"Arrieta, Jake",453562,2015,29,"229.0",811,10,236,48,27.1,5.5,"22","6","1.77","0","33",".241",3438,25.4,47.4,60.2,"3427",,"95.1","2292","95.2","1.3"
"Cueto, Johnny",456501,2015,29,"212.0",803,21,176,46,20.3,5.3,"11","13","3.44","0","32",".299",3268,22.1,49.9,63,"3260",,"93.3","2284","91.8","2.9"
"Happ, J.A.",457918,2015,32,"172.0",668,16,151,45,21.1,6.3,"11","8","3.61","1","31",".304",2839,20.2,45.8,60.3,"2822",,"92.6","2372","92.4","1.5"
"Anderson, Brett",474463,2015,27,"180.1",697,18,116,46,15.5,6.1,"10","9","3.69","0","31",".293",2716,18.5,46,58.5,"2706",,"91.5","1850","91.2","1.5"
"Ross, Tyson",475115,2015,28,"196.0",725,9,212,84,25.8,10.2,"10","12","3.26","0","33",".277",3229,30.6,43.2,57.7,"3212",,"93.6","2537","93.5","1.5"
"Cashner, Andrew",488768,2015,28,"184.2",718,19,165,66,20.5,8.2,"6","16","4.34","0","31",".306",3109,19.7,45.6,61.8,"3101",,"95.5","2211","95.4","2.1"
"Miley, Wade",489119,2015,28,"193.2",758,17,147,64,17.7,7.7,"11","11","4.46","0","32",".311",3194,21,43.3,61.4,"3194",,"91.4","2220","91.4","1.6"
"Quintana, Jose",500779,2015,26,"206.1",802,16,177,44,20.5,5.1,"9","10","3.36","0","32",".307",3373,21.7,46.5,69.3,"3351",,"91.9","2082","92","1.4"
"Archer, Chris",502042,2015,26,"212.0",795,19,252,66,29,7.6,"12","13","3.23","0","34",".281",3449,29.7,47.2,64.1,"3449",,"95.8","2187","95.8","1.5"
"Locke, Jeff",502046,2015,27,"168.1",654,15,129,60,17.5,8.2,"8","11","4.49","0","30",".306",2780,21.8,45.3,62.5,"2761",,"92","2105","91.9","1.5"
"Santiago, Héctor",502327,2015,27,"180.2",687,29,162,71,20.9,9.1,"9","9","3.59","1","32",".312",3162,21.4,44.1,57.6,"3143",,,,"90.2","2.7"
"Salazar, Danny",517593,2015,25,"185.0",690,23,195,53,25.8,7,"14","10","3.45","0","30",".302",3048,25.6,50.1,59.2,"3044",,"95.6","2346","95.5","1.7"
"Harvey, Matt",518774,2015,26,"189.1",703,18,188,37,24.9,4.9,"13","8","2.71","0","29",".252",2798,26.5,48.5,68.3,"2780",,"96.5","2337","96.6","1.5"
"Nelson, Jimmy",519076,2015,26,"177.1",663,18,148,65,19.7,8.6,"11","13","4.11","0","30",".306",2791,22.6,47.3,60.8,"2782",,"94","2275","94.1","1.3"
"Porcello, Rick",519144,2015,26,"172.0",682,25,149,38,20.2,5.2,"9","15","4.92","0","28",".327",2744,21,46.9,60.7,"2739",,"92.1","2497","91.6","1.8"
"Teheran, Julio",527054,2015,24,"200.2",748,27,171,73,20.3,8.7,"11","8","4.04","0","33",".335",3275,25.9,45.9,57.3,"3261",,"92.1","2266","91.8","1.9"
"DeSclafani, Anthony",543101,2015,25,"184.2",710,17,151,55,19.2,7,"9","13","4.05","0","31",".308",2913,21.6,48.9,62.9,"2881",,"93.4","2176","93.1","1.6"
"Gray, Sonny",543243,2015,25,"208.0",765,17,169,59,20.3,7.1,"14","7","2.73","0","31",".290",3078,22.5,46.8,59.2,"3077",,"93.7","2366","93.6","1.4"
"Odorizzi, Jake",543606,2015,25,"169.1",644,18,150,46,21.4,6.6,"9","9","3.35","0","28",".314",2755,23.4,48.9,60.6,"2754",,"91.9","2180","90.9","2.7"
"Bauer, Trevor",545333,2015,24,"176.0",655,23,170,79,22.8,10.6,"11","12","4.55","1","30",".309",2869,22.6,45.3,59.1,"2864",,"93.5","2221","91.1","4.6"
"Ventura, Yordano",570649,2015,24,"163.1",621,14,156,58,22.5,8.4,"13","8","4.08","0","28",".313",2651,24.4,45.5,59.7,"2649",,"97.2","2200","96.7","2.2"
"Miller, Shelby",571946,2015,24,"205.1",769,13,171,73,19.9,8.5,"6","17","3.02","0","33",".285",3247,21.3,49.4,60.7,"3217",,"94.9","2301","93","3.7"
"Keuchel, Dallas",572971,2015,27,"232.0",854,17,216,51,23.7,5.6,"20","8","2.48","0","33",".264",3492,25.2,44.5,61.3,"3486",,"89.5","2146","89.6","2"
"Martinez, Carlos",593372,2015,23,"179.2",671,13,184,63,24.4,8.3,"14","7","3.01","2","29",".290",2844,24.1,47.4,63.3,"2823",,"96.4","2093","96","2.1"
"deGrom, Jacob",594798,2015,27,"191.0",694,16,205,38,27.3,5.1,"14","8","2.54","0","30",".259",2976,27,51.9,67.8,"2967",,"95.6","2261","95.6","1.5"
"Sabathia, CC",282332,2016,35,"179.2",687,22,152,65,19.8,8.5,"9","12","3.91","0","30",".289",2910,23,46.4,60.9,"2908",,"89","2192","89.3","3"
"Wainwright, Adam",425794,2016,34,"198.2",766,22,161,59,19,7,"13","9","4.62","0","33",".329",3195,20.2,44.1,61.5,"3168",,"90.8","2192","88.8","3.4"
"Kluber, Corey",446372,2016,30,"215.0",788,22,227,57,26.4,6.6,"18","9","3.14","0","32",".282",3189,28.2,48.5,62.6,"3183",,"92.9","2443","93","1.4"
"Shields, James",448306,2016,34,"181.2",723,40,135,82,16.4,10,"6","19","5.85","0","33",".359",3133,22.3,44,54.8,"3119",,"91.1","2289","89.7","2.7"
"García, Jaime",448802,2016,29,"171.2",668,26,150,57,20.2,7.7,"10","13","4.67","2","30",".310",2578,21.7,45.8,60.1,"2559",,"91.1","2416","91.1","1.7"
"Volquez, Edinson",450172,2016,32,"189.1",758,23,139,76,16.3,8.9,"10","11","5.37","0","34",".347",3232,19.8,45.8,56.3,"3228",,"94","2312","93.8","1.4"
"Scherzer, Max",453286,2016,31,"228.1",830,31,284,56,31.5,6.2,"20","7","2.96","0","34",".259",3563,32.4,51.8,65.2,"3554",,"95","2551","94.8","1.8"
"Arrieta, Jake",453562,2016,30,"197.1",710,16,190,76,23.9,9.6,"18","8","3.10","0","31",".291",3124,25.2,45.6,59,"3117",,"94.2","2317","94.4","1.4"
"Cueto, Johnny",456501,2016,30,"219.2",818,15,198,45,22.5,5.1,"18","5","2.79","0","32",".291",3299,21.8,48.2,68.6,"3290",,"92.6","2316","91.2","2.6"
"Happ, J.A.",457918,2016,33,"195.0",726,22,163,60,20.5,7.5,"20","4","3.18","0","32",".321",3033,22.3,47,59.9,"3032",,"92.4","2379","92.2","1.4"
"Tomlin, Josh",458708,2016,31,"174.0",694,36,118,20,16.3,2.8,"13","9","4.40","1","29",".332",2612,17,48.4,67.7,"2606",,"88.4","2425","87.2","2"
"Hellickson, Jeremy",476451,2016,29,"189.0",711,24,154,45,19.9,5.8,"12","10","3.71","0","32",".322",2925,24.1,48,60.9,"2923",,"90.7","2105","90.6","1.2"
"Miley, Wade",489119,2016,29,"166.0",649,25,137,49,19.3,6.9,"9","13","5.37","0","30",".345",2732,20.8,46.7,60.2,"2729",,"90.9","2177","90.9","1.5"
"Quintana, Jose",500779,2016,27,"208.0",779,22,181,50,21.6,6,"13","12","3.20","0","32",".293",3282,18.6,45.8,65,"3277",,"92.6","2065","92.6","1.4"
"Pineda, Michael",501381,2016,27,"175.2",693,27,207,53,27.4,7,"6","12","4.82","0","32",".304",3017,31.2,48.8,67.4,"3013",,"94.6","2086","94.7","1.9"
"Archer, Chris",502042,2016,27,"201.1",769,30,233,67,27.4,7.9,"9","19","4.02","0","33",".302",3409,29.6,45.5,58.7,"3408",,"95","2190","95","1.5"
"Santiago, Héctor",502327,2016,28,"182.0",690,33,144,79,18.3,10.1,"13","10","4.70","0","33",".353",3172,19.9,46.2,55,"3172",,,,"91.5","2.9"
"Bettis, Chad",518452,2016,27,"186.0",735,22,138,59,17,7.2,"14","8","4.79","0","32",".329",3055,21.6,45.1,62.7,"3041",,"92.3","1963","92.1","2"
"Moore, Matt",519043,2016,27,"198.1",752,25,178,72,21.2,8.6,"13","12","4.08","0","33",".316",3285,24.2,47,61.9,"3279",,"93.4","2285","93.2","1.7"
"Nelson, Jimmy",519076,2016,27,"179.1",693,25,140,86,17.3,10.7,"8","16","4.62","0","32",".327",2984,19,45,58.1,"2968",,"93.6","2324","93.7","1.2"
"Pomeranz, Drew",519141,2016,27,"170.2",631,22,186,65,26.5,9.2,"11","12","3.32","1","30",".279",2841,25.9,46.2,56.3,"2829",,"91.8","2467","90.5","3.1"
"Porcello, Rick",519144,2016,27,"223.0",840,23,189,32,21.2,3.6,"22","4","3.15","0","33",".301",3410,18.6,48.4,64.2,"3394",,"92.2","2447","90.9","2"
"Teheran, Julio",527054,2016,25,"188.0",703,22,167,41,22,5.4,"7","10","3.21","0","30",".298",2971,24.1,48.6,61.7,"2966",,"91.7","2288","91.5","1.8"
"Odorizzi, Jake",543606,2016,26,"187.2",706,29,166,54,21.5,7,"10","6","3.69","0","33",".317",3308,21.8,49,58.6,"3298",,"91.9","2268","91.7","2.2"
"Bauer, Trevor",545333,2016,25,"190.0",721,20,168,70,20.7,8.6,"12","8","4.26","7","28",".325",3092,22.5,44.2,59.9,"3085",,"94","2248","92.7","2.8"
"Ventura, Yordano",570649,2016,25,"186.0",723,23,144,78,17.6,9.6,"11","12","4.45","0","32",".342",3048,22.1,44.4,55.9,"3047",,"96.9","2190","96.8","2.1"
"Keuchel, Dallas",572971,2016,28,"168.0",648,20,144,48,20.5,6.8,"9","12","4.55","0","26",".306",2670,23.2,44.1,63.3,"2659",,"88.8","2157","88.5","1.8"
"Stroman, Marcus",573186,2016,25,"204.0",792,21,166,54,19.4,6.3,"9","10","4.37","0","32",".306",3102,21.5,47.3,61,"3102",,"93.5","2377","92","2.4"
"Gray, Jon",592351,2016,24,"168.0",630,18,185,59,26,8.3,"10","10","4.61","0","29",".310",2793,26.5,49,62.6,"2787",,"95.8","2183","95.8","1.6"
"Syndergaard, Noah",592789,2016,23,"183.2",692,11,218,43,29.3,5.8,"14","9","2.60","1","30",".259",2935,30.4,50.4,63.8,"2924",,"98.7","2202","98.6","1.4"
"Martinez, Carlos",593372,2016,24,"195.1",724,15,174,70,21.5,8.7,"16","9","3.04","0","31",".283",3028,23.1,47.1,62.3,"3022",,"97.2","2129","96.4","2.4"
"Eickhoff, Jerad",595191,2016,25,"197.1",745,30,167,42,20.6,5.2,"11","14","3.65","0","33",".293",3028,21.7,45.7,61.3,"3017",,"91.6","2237","91.6","1.2"
"Finnegan, Brandon",605232,2016,23,"172.0",636,29,145,84,19.8,11.4,"10","11","3.98","0","31",".347",2884,22.6,45.5,54.6,"2879",,"92.3","2230","92.3","1.7"
"Rodón, Carlos",607074,2016,23,"165.0",644,23,168,54,23.5,7.6,"9","10","4.04","0","28",".303",2795,23.6,46.3,54.3,"2789",,"94.2","2243","94","2.4"
"Maeda, Kenta",628317,2016,28,"175.2",655,20,179,50,25,7,"16","11","3.48","0","32",".281",2930,27.5,45.8,61.7,"2904",,"90.7","2348","90.6","1.4"
"Greinke, Zack",425844,2017,33,"202.1",749,25,215,45,26.8,5.6,"17","7","3.20","0","32",".287",3163,29,46.2,62.4,"3134",,"90.8","2392","90.8","1.2"
"Kluber, Corey",446372,2017,31,"203.2",732,21,265,36,34.1,4.6,"18","4","2.25","0","29",".248",2945,33.6,49.1,64.6,"2934",,"92.7","2372","91.3","2.3"
"Scherzer, Max",453286,2017,32,"200.2",709,22,268,54,34.4,6.9,"16","6","2.51","0","31",".243",3111,32.2,52,64.7,"3099",,"94","2502","93.2","2.7"
"Arrieta, Jake",453562,2017,31,"168.1",637,23,163,55,23.1,7.8,"14","10","3.53","0","30",".304",2743,21.3,44.1,58,"2726",,"92.2","2312","92.2","1.2"
"Chacín, Jhoulys",468504,2017,29,"180.1",667,19,153,72,20,9.4,"13","10","3.89","0","32",".307",2937,20.5,42.6,58.8,"2905",,"91.4","2207","91.2","1.5"
"Hellickson, Jeremy",476451,2017,30,"164.0",628,35,96,47,13.8,6.8,"8","11","5.43","0","30",".350",2618,18.1,48,59.1,"2605",,"90.1","2096","89.4","1.9"
"Cashner, Andrew",488768,2017,30,"166.2",624,15,86,64,12.2,9.1,"11","11","3.40","0","28",".330",2636,14.9,44.7,58.5,"2631",,"93.8","2193","93.2","2.3"
"Quintana, Jose",500779,2017,28,"188.2",715,23,207,61,26.2,7.7,"11","11","4.15","0","32",".309",3176,21.4,43.9,67.2,"3168",,"92.2","2042","92.1","1.1"
"Archer, Chris",502042,2017,28,"201.0",784,27,249,60,29.2,7,"10","12","4.07","0","34",".296",3406,30.3,47.9,62.3,"3394",,"95.5","2249","95.5","1.5"
"Moore, Matt",519043,2017,28,"174.1",706,27,148,67,18.7,8.5,"6","15","5.52","1","31",".361",2875,19.8,48,61.3,"2871",,"91.9","2257","91.3","2.1"
"Nelson, Jimmy",519076,2017,28,"175.1",665,16,199,48,27.3,6.6,"12","6","3.49","0","29",".285",2752,25.5,48.7,61.1,"2750",,"94.1","2300","93.9","1.2"
"Pomeranz, Drew",519141,2017,28,"173.2",659,19,174,68,23.5,9.2,"17","6","3.32","0","32",".317",3080,24.2,44.6,60.4,"3042",,"91.4","2359","90.9","2.4"
"Porcello, Rick",519144,2017,28,"203.1",824,38,181,48,20.5,5.4,"11","17","4.65","0","33",".337",3383,21.1,49.6,67.2,"3368",,"92.1","2441","91.1","2.2"
"Teheran, Julio",527054,2017,26,"188.1",723,31,151,72,18.6,8.9,"11","13","4.49","0","32",".324",3074,21.6,47,64.2,"3062",,"91.4","2274","91.3","1.9"
"Gray, Sonny",543243,2017,27,"162.1",615,19,153,57,22.6,8.4,"10","12","3.55","0","27",".310",2664,27.3,46.6,61.7,"2661",,"93.4","2474","92.5","1.9"
"Strasburg, Stephen",544931,2017,28,"175.1",641,13,204,47,29.1,6.7,"15","4","2.52","0","28",".262",2742,27.8,49.7,63.5,"2667",,"95.4","2171","95.3","1.8"
"Bauer, Trevor",545333,2017,26,"176.1",680,25,196,60,26.2,8,"17","9","4.19","1","31",".320",3148,23.9,42.2,56.9,"3145",,"94.1","2278","92.4","3.9"
"Ureña, José",570632,2017,25,"169.2",638,26,113,64,15.6,8.8,"14","7","3.82","6","28",".345",2882,19.9,45.5,58.9,"2876",,"95.8","2175","95.6","1.5"
"Stroman, Marcus",573186,2017,26,"201.0",762,21,164,62,19.7,7.4,"13","9","3.09","0","33",".314",3140,23.6,44.5,58.6,"3130",,"94","2337","93.2","1.5"
"Martinez, Carlos",593372,2017,25,"205.0",772,27,217,71,25.3,8.3,"12","11","3.64","0","32",".284",3132,24.6,46.8,59.1,"3118",,"96.3","2091","95.6","2.3"
"deGrom, Jacob",594798,2017,29,"201.1",758,28,239,59,28.9,7.1,"15","10","3.53","0","31",".273",3168,29.3,49.9,64.3,"3160",,"95.2","2362","95.1","1.4"
"Bundy, Dylan",605164,2017,24,"169.2",633,26,152,51,21.8,7.3,"13","9","4.24","0","28",".321",2819,25.4,49.1,59.6,"2815",,"92.2","2485","92.1","1.7"
"Fulmer, Michael",605242,2017,24,"164.2",617,13,114,40,16.9,5.9,"10","12","3.83","0","25",".310",2479,21.6,49.5,61.4,"2469",,"95.6","2108","94.1","3.6"
"Nola, Aaron",605400,2017,24,"168.0",640,18,184,49,26.6,7.1,"12","11","3.54","0","27",".278",2665,26.6,45.2,64.4,"2663",,"92.3","2098","91.9","1.7"
"Perdomo, Luis",606131,2017,24,"163.2",638,17,118,65,16.5,9.1,"8","11","4.67","0","29",".334",2558,21.8,45.3,61.4,"2550",,"94.3","1969","94","1.5"
"Blach, Ty",621389,2017,26,"163.2",633,17,73,43,10.5,6.2,"8","12","4.78","10","24",".335",2519,15.6,45.8,61.7,"2512",,"89.7","2093","90.1","1.2"
"Severino, Luis",622663,2017,23,"193.1",720,21,230,51,29.4,6.5,"14","6","2.98","0","31",".271",3082,28.1,49.1,65.2,"3081",,"97.5","2301","97.5","1.5"
"Greinke, Zack",425844,2018,34,"207.2",784,28,199,43,23.7,5.1,"15","11","3.21","0","33",".303",3212,26,45.3,67.1,"3129",,"89.5","2335","89.6","1.3"
"Kluber, Corey",446372,2018,32,"215.0",801,25,222,34,26.4,4,"20","7","2.89","0","33",".276",3181,26.9,48.2,63.3,"3076",,"92","2410","90.5","2.4"
"Shields, James",448306,2018,36,"204.2",775,34,154,78,17.7,9,"7","16","4.53","1","33",".350",3306,24.5,45.4,56.8,"3186",,"89.5","2271","88.2","2.3"
"Morton, Charlie",450203,2018,34,"167.0",609,18,201,64,28.9,9.2,"15","3","3.13","0","30",".284",2688,28.5,44.8,61,"2686",,"96.1","2243","94.9","2.8"
"Scherzer, Max",453286,2018,33,"220.2",797,23,300,51,34.6,5.9,"18","7","2.53","0","33",".248",3493,33.1,52.4,65.8,"3480",,"94.4","2487","93.4","2.8"
"Arrieta, Jake",453562,2018,32,"172.2",649,21,138,57,19.1,7.9,"10","11","3.96","0","31",".312",2760,19.5,46.1,62.5,"2759",,"92.4","2310","93","1.3"
"Happ, J.A.",457918,2018,35,"177.2",668,27,193,51,26.4,7,"17","6","3.65","0","31",".302",3051,24.1,47.8,60.9,"3049",,"92.3","2334","91.9","1.6"
"Chacín, Jhoulys",468504,2018,30,"192.2",697,18,156,71,19.6,8.9,"15","8","3.50","0","35",".320",3008,21.3,43.4,58.4,"3006",,"89.9","2136","90.1","1.5"
"Quintana, Jose",500779,2018,29,"174.1",658,25,158,68,21.4,9.2,"13","11","4.03","0","32",".321",2908,20.6,42.8,65.4,"2892",,"91.5","2019","91.5","1.1"
"Holland, Derek",502706,2018,31,"171.1",640,19,169,67,23.2,9.2,"7","9","3.57","6","30",".312",2908,23.8,47,63,"2902",,,,"91.5","1.2"
"Porcello, Rick",519144,2018,29,"191.1",735,27,190,48,23.5,5.9,"17","7","4.28","0","33",".310",3096,20.5,47.1,66.8,"3095",,"91.3","2433","90.4","1.6"
"Teheran, Julio",527054,2018,27,"175.2",623,26,162,84,22.4,11.6,"9","9","3.94","0","31",".323",2802,28.5,43.1,61,"2797",,"89.9","2326","89.7","1.9"
"Anderson, Tyler",542881,2018,28,"176.0",665,30,164,58,22.3,7.9,"7","9","4.55","0","32",".296",2853,25.4,49.1,65.2,"2848",,"91.9","2250","90.2","2.8"
"Odorizzi, Jake",543606,2018,28,"164.1",625,20,162,70,22.8,9.8,"7","10","4.49","0","32",".332",3077,24.7,47.4,57,"2979",,"91.1","2255","90.9","1.7"
"Bauer, Trevor",545333,2018,27,"175.1",645,9,221,57,30.8,7.9,"12","6","2.21","1","27",".259",2853,31.5,45.1,63.7,"2850",,"94.5","2322","93","3.8"
"Wheeler, Zack",554430,2018,28,"182.1",668,14,179,55,24.1,7.4,"12","7","3.31","0","29",".278",2884,24.7,49.2,62.1,"2881",,"95.8","2307","94.6","3"
"Ureña, José",570632,2018,26,"174.0",640,19,130,51,18.3,7.2,"9","12","3.98","0","31",".311",2776,20.2,47.5,59.6,"2770",,"95.6","2148","95.8","1.2"
"Boyd, Matthew",571510,2018,27,"170.1",639,27,159,51,22.4,7.2,"9","13","4.39","0","31",".287",2860,23.6,46.5,58.5,"2854",,"90.5","2282","90.4","2.2"
"Heaney, Andrew",571760,2018,27,"180.0",689,27,180,45,24,6,"9","10","4.15","0","30",".311",2755,26.3,48.5,65.2,"2754",,,,"91.9","1.7"
"Keuchel, Dallas",572971,2018,30,"204.2",802,18,153,58,17.5,6.6,"12","11","3.74","0","34",".293",3310,19.8,45.3,60.1,"3309",,"89.7","2166","88.6","1.9"
"Foltynewicz, Mike",592314,2018,26,"183.0",666,17,202,68,27.2,9.2,"13","10","2.85","0","31",".274",3041,25.7,44,61.9,"3039",,"96.3","2349","96.4","1.8"
"Gray, Jon",592351,2018,26,"172.1",677,27,183,52,24.7,7,"12","9","5.12","0","31",".306",2800,29.2,45.9,63.3,"2793",,"94.7","2015","94.7","1.4"
"Williams, Trevor",592866,2018,26,"170.2",632,15,126,55,18,7.8,"14","10","3.11","0","31",".309",2723,18.8,47.2,60.8,"2723",,"91.1","2171","90.4","1.9"
"deGrom, Jacob",594798,2018,30,"217.0",776,10,269,46,32.2,5.5,"10","9","1.70","0","32",".243",3212,31.4,52.5,66.5,"3210",,"96","2362","95.9","1.5"
"Gonzales, Marco",594835,2018,26,"166.2",643,17,145,32,21.1,4.7,"13","9","4.00","0","29",".311",2564,21.1,48.4,66.3,"2562",,"90.1","2263","88.9","2"
"Junis, Jakob",596001,2018,25,"177.0",688,32,164,43,21.6,5.7,"9","12","4.37","0","30",".323",2838,22.4,46.9,62.8,"2838",,"91.3","2024","91","1.4"
"Pivetta, Nick",601713,2018,25,"164.0",624,24,188,51,27.1,7.3,"7","14","4.77","1","32",".292",2846,27.5,48.1,63,"2815",,"94.8","2267","94.8","1.3"
"Bundy, Dylan",605164,2018,25,"171.2",685,41,184,54,24.5,7.2,"8","16","5.45","0","31",".323",2844,26.8,50.3,62.1,"2836",,"91.6","2417","91.6","1.3"
"Nola, Aaron",605400,2018,25,"212.1",756,17,224,58,27,7,"17","6","2.37","0","33",".258",3212,27.7,47.6,69.5,"3212",,"92.7","2116","92.4","1.6"
"Snell, Blake",605483,2018,25,"180.2",630,16,221,64,31.6,9.1,"21","5","1.89","0","31",".274",2918,34.7,45.4,57.2,"2913",,"95.8","2364","95.8","1.4"
"Castillo, Luis",622491,2018,25,"169.2",645,28,165,49,23.3,6.9,"10","12","4.30","0","31",".318",2778,28.7,49.6,61.4,"2771",,"95.8","2200","95.7","1.5"
"Severino, Luis",622663,2018,24,"191.1",726,19,220,46,28.2,5.9,"19","8","3.39","0","32",".298",3152,26.8,49.7,69,"3148",,"97.6","2365","97.6","1.3"
"López, Reynaldo",625643,2018,24,"188.2",705,25,151,75,18.9,9.4,"7","10","3.91","0","32",".335",3084,21.3,47.4,60.1,"3082",,"95.5","2102","95.5","1.9"
"Wainwright, Adam",425794,2019,37,"171.2",662,22,153,64,20.5,8.6,"14","10","4.19","0","31",".328",2876,19.5,42.4,58.7,"2784",,"89.6","2191","88","3.1"
"Greinke, Zack",425844,2019,35,"208.2",767,21,187,30,23.1,3.7,"18","5","2.93","0","33",".281",3113,24.1,46.7,67.3,"3085",,"89.9","2326","89.9","1.4"
"Morton, Charlie",450203,2019,35,"194.2",717,15,240,57,30.4,7.2,"16","6","3.05","0","33",".274",3139,29.6,47.4,62.7,"3137",,"94.7","2259","92.8","4.1"
"Scherzer, Max",453286,2019,34,"172.1",650,18,243,33,35.1,4.8,"11","7","2.92","0","27",".253",2770,33.9,52.5,70.4,"2769",,"94.9","2474","94.2","2.4"
"Bailey, Homer",456701,2019,33,"163.1",632,21,149,53,21.4,7.6,"13","9","4.57","0","31",".318",2836,24.3,48.5,63.6,"2805",,"93","2092","93","1.5"
"Anderson, Brett",474463,2019,31,"176.0",682,20,90,49,12.1,6.6,"13","9","3.89","0","31",".347",2659,17,47.5,59.2,"2659",,"89.4","2028","90.3","2.1"
"Miley, Wade",489119,2019,32,"167.1",646,23,140,61,19.4,8.5,"14","6","3.98","0","33",".307",2968,22.9,44.6,55.8,"2863",,"90.8","2210","88.3","2.4"
"Quintana, Jose",500779,2019,30,"171.0",678,20,152,46,20.4,6.2,"13","9","4.68","1","31",".326",2826,20.9,44.3,62.4,"2734",,"91.4","2016","91.4","1"
"Minor, Mike",501985,2019,31,"208.1",779,30,200,68,23.2,7.9,"14","10","3.59","0","32",".297",3358,26.2,47.8,61.1,"3357",,"92.5","2650","92.5","1.3"
"Porcello, Rick",519144,2019,30,"174.1",712,31,143,45,18.6,5.9,"14","12","5.52","0","32",".334",2960,18,49.4,67.7,"2960",,"91","2434","90.4","1.6"
"Teheran, Julio",527054,2019,28,"174.2",645,22,162,83,21.5,11,"10","11","3.81","0","33",".327",3036,22.2,45.3,59.9,"3034",,"89.7","2400","89.6","1.7"
"DeSclafani, Anthony",543101,2019,29,"166.2",635,29,167,49,24,7,"9","9","3.89","0","31",".297",2668,23.6,48.1,61.3,"2587",,"94.7","2249","94.7","1.1"
"Gray, Sonny",543243,2019,29,"175.1",622,17,205,68,29,9.6,"11","8","2.87","0","31",".286",2909,28.4,42.2,55.6,"2807",,"93.3","2526","93.2","1.3"
"Strasburg, Stephen",544931,2019,30,"209.0",768,24,251,56,29.8,6.7,"18","6","3.32","0","33",".267",3384,30.6,47.7,63.6,"3383",,"93.9","2168","93.8","1.2"
"Bauer, Trevor",545333,2019,28,"213.0",800,34,253,82,27.8,9,"11","13","4.48","0","34",".310",3687,29.4,45.3,59.6,"3685",,"94.5","2412","91.8","5.3"
"Wheeler, Zack",554430,2019,29,"195.1",760,22,195,50,23.6,6,"11","8","3.96","0","31",".297",3159,23,50.9,66,"3158",,"96.8","2341","95.3","3.1"
"Boyd, Matthew",571510,2019,28,"185.1",721,39,238,50,30.2,6.3,"9","12","4.56","0","32",".297",3118,31.1,49.8,64.5,"3101",,"92.1","2384","92","1.7"
"Stroman, Marcus",573186,2019,28,"184.1",711,18,159,58,20.5,7.5,"10","13","3.22","0","32",".292",3047,24.7,45.1,56.8,"3045",,"93","2459","91.9","1.3"
"Syndergaard, Noah",592789,2019,26,"197.2",758,24,202,49,24.5,5.9,"10","8","4.28","0","32",".280",3095,26.9,50.8,65.9,"3090",,"97.8","2197","97.6","1.1"
"Rodriguez, Eduardo",593958,2019,26,"203.1",770,24,213,75,24.8,8.7,"19","6","3.81","0","34",".292",3495,27.4,46.4,63.4,"3495",,"93","2202","92","2.6"
"deGrom, Jacob",594798,2019,31,"204.0",745,19,255,44,31.7,5.5,"11","8","2.43","0","32",".250",3297,31.4,53.4,64.1,"3190",,"96.9","2388","96.9","1.2"
"Gonzales, Marco",594835,2019,27,"203.0",794,23,147,56,17,6.5,"16","13","3.99","0","34",".311",3232,18,47.7,65.7,"3162",,"88.9","2252","87.6","2.2"
"Junis, Jakob",596001,2019,26,"175.1",696,31,164,58,21.3,7.5,"9","14","5.24","0","31",".345",2926,22.6,45.3,61.6,"2924",,"91.7","2079","91.5","1.3"
"Musgrove, Joe",605397,2019,26,"170.1",662,21,157,39,21.9,5.4,"11","12","4.44","1","31",".307",2657,24.6,51.9,65.6,"2654",,"92.7","2419","91.9","2.2"
"Nola, Aaron",605400,2019,26,"202.1",755,27,229,80,26.9,9.4,"12","7","3.87","0","34",".310",3332,26.7,44.6,62.4,"3331",,"93.1","2171","92.8","1.6"
"Fried, Max",608331,2019,25,"165.2",644,21,173,47,24.6,6.7,"17","6","4.02","3","30",".297",2670,26,47.4,64.1,"2669",,"93.8","2077","93.8","1.7"
"Buehler, Walker",621111,2019,24,"182.1",685,20,215,37,29.2,5,"14","4","3.26","0","30",".277",2838,26.8,50.3,65.8,"2831",,"96.5","2456","95.9","2.1"
"Castillo, Luis",622491,2019,26,"190.2",688,22,226,78,29,10,"15","8","3.40","0","32",".277",3158,35.9,47.3,56.4,"3068",,"96.4","2170","96.4","1.3"
"López, Reynaldo",625643,2019,25,"184.0",729,35,169,65,20.9,8,"10","15","5.38","0","33",".338",3163,24.7,48.7,60.1,"3160",,"95.4","2137","95.4","1.9"
"Keller, Brad",641745,2019,23,"165.1",624,15,122,70,17.2,9.9,"7","14","4.19","0","28",".329",2711,19.9,46,57.3,"2711",,"93.7","2296","93.4","1.7"
"Lucchesi, Joey",664192,2019,26,"163.2",619,23,158,56,23,8.2,"10","10","4.18","0","30",".297",2643,25.4,45.3,62.5,"2641",,"90.4","2230","90.2","1.4"
"Bieber, Shane",669456,2019,24,"214.1",810,31,259,40,30.2,4.7,"15","8","3.28","1","33",".295",3332,30.7,47.8,65.3,"3223",,"93.1","2254","93.1","0.8"
"Wainwright, Adam",425794,2020,38,"65.2",244,9,54,15,20.6,5.7,"5","3","3.15","0","10",".324",930,24.1,46,67.6,"930",44,"89.2","2218","87.6","2.6"
"Greinke, Zack",425844,2020,36,"67.0",262,6,67,9,24.5,3.3,"3","3","4.03","0","12",".299",1060,27.7,40.8,61.9,"1001",47.6,"88.1","2327","88.1","1.3"
"Scherzer, Max",453286,2020,35,"67.1",269,10,92,23,31.2,7.8,"5","4","3.74","0","12",".321",1213,32.5,50.5,65.8,"1213",25.4,"94.7","2472","94","2"
"Cueto, Johnny",456501,2020,34,"63.1",246,9,56,26,20.2,9.4,"2","3","5.40","0","12",".336",1145,19.9,45.2,55.6,"1145",32.6,"91.4","2222","91.3","1.5"
"Bauer, Trevor",545333,2020,29,"73.0",258,9,100,17,36,6.1,"5","4","1.73","0","11",".224",1165,30.4,46.4,59,"1165",41.1,"93.5","2779","90.9","4.7"
"Wheeler, Zack",554430,2020,30,"71.0",264,3,53,16,18.4,5.6,"4","2","2.92","0","11",".292",1078,22.6,52.9,58.3,"1077",37.9,"96.9","2334","95.4","3.4"
"Boyd, Matthew",571510,2020,29,"60.1",241,15,60,22,22.1,8.1,"3","7","6.71","0","12",".349",1086,28.1,48.5,59.4,"1086",29.5,"91.7","2304","91.7","1.2"
"Heaney, Andrew",571760,2020,29,"66.2",256,9,70,19,25.1,6.8,"4","3","4.46","0","12",".321",1085,27.9,50.5,67,"1085",33.2,"91.5","2435","91.5","1.4"
"Keuchel, Dallas",572971,2020,32,"63.1",238,2,42,17,16.3,6.6,"6","2","1.99","0","11",".317",960,23.8,45.1,54.9,"960",49.1,"88.3","2218","86.1","1.9"
"deGrom, Jacob",594798,2020,32,"68.0",248,7,104,18,38.8,6.7,"4","2","2.38","0","12",".256",1135,41,54.1,60.4,"1134",34.6,"98.6","2477","98.6","1.2"
"Gonzales, Marco",594835,2020,28,"69.2",266,8,64,7,23.1,2.5,"7","2","3.10","0","11",".301",1057,19.8,47.8,64.3,"1056",46.4,"88.2","2154","87","2.1"
"Bassitt, Chris",605135,2020,31,"63.0",240,6,55,17,21.1,6.5,"5","2","2.29","0","11",".301",946,23,46.4,57.1,"946",43.7,"93.3","2160","91.4","3"
"Bundy, Dylan",605164,2020,27,"65.2",245,5,72,17,27,6.4,"6","3","3.29","0","11",".270",1018,29.3,45,56.9,"1018",51,"90","2424","90.1","1.5"
"Nola, Aaron",605400,2020,27,"71.1",263,9,96,23,33.2,8,"5","5","3.28","0","12",".283",1148,31.2,47.1,64.4,"1148",19.2,"92.8","2180","92.3","1.4"
"Woodruff, Brandon",605540,2020,27,"73.2",270,9,91,18,31.1,6.1,"3","5","3.05","0","13",".264",1211,28.9,48.3,66.6,"1211",42.7,"96.6","2457","96.4","1.2"
"Mills, Alec",621219,2020,28,"62.1",230,13,46,19,18.3,7.5,"5","5","4.48","0","11",".342",945,17.9,44.3,61.1,"945",32.2,"89.8","2181","89.8","1.4"
"Castillo, Luis",622491,2020,27,"70.0",266,5,89,24,30.5,8.2,"4","6","3.21","0","12",".266",1153,32.8,51,61.3,"1153",20.3,"97.4","2181","97.4","0.9"
"Senzatela, Antonio",622608,2020,25,"73.1",279,9,41,18,13.5,5.9,"5","3","3.44","0","12",".329",1136,18.6,46.3,62,"1136",41.1,"94.3","2140","94.3","1.5"
"Maeda, Kenta",628317,2020,32,"66.2",238,9,80,10,32.3,4,"6","1","2.70","0","11",".257",986,34.9,52.6,64.5,"986",37.4,"91.6","2270","91","1.8"
"Civale, Aaron",650644,2020,25,"74.0",291,11,69,16,22.1,5.1,"4","6","4.74","0","12",".322",1201,24.9,45.5,63.1,"1201",46.9,"91.2","2346","89.7","2.6"
"Singer, Brady",663903,2020,23,"64.1",236,8,61,23,23.2,8.7,"4","5","4.06","0","12",".301",1071,24.2,42,60.5,"1071",35.5,"92.9","2196","93.3","1.2"
"Gallen, Zac",668678,2020,24,"72.0",262,9,82,25,28.2,8.6,"3","2","2.75","0","12",".296",1117,30.2,43.3,64.9,"1117",43.4,"93.2","2378","90.8","3.9"
"Bieber, Shane",669456,2020,25,"77.1",275,7,122,21,41.1,7.1,"8","1","1.63","0","12",".251",1238,40.7,46.7,63,"1238",43.8,"94.1","2357","92.7","2.7"
"Wainwright, Adam",425794,2021,39,"206.1",765,21,174,50,21,6,"17","7","3.05","0","32",".302",3068,20.2,43.8,64.4,"3068",46.6,"89","2231","87.5","2.7"
"Greinke, Zack",425844,2021,37,"171.0",652,30,120,36,17.2,5.2,"11","6","4.16","1","29",".321",2577,21.8,46,66,"2566",47.5,"88.9","2234","89","1.3"
"Morton, Charlie",450203,2021,37,"185.2",669,16,216,58,28.6,7.7,"14","6","3.34","0","33",".284",2987,29.1,46,58.2,"2987",24.7,"95.5","2340","94.1","3.4"
"Scherzer, Max",453286,2021,36,"179.1",644,23,236,36,34.1,5.2,"15","4","2.46","0","30",".262",2821,34.2,50.6,64.1,"2821",29,"94.3","2436","93.5","2.3"
"Miley, Wade",489119,2021,34,"163.0",627,17,125,50,18.1,7.2,"12","7","3.37","0","28",".312",2592,23.9,47.5,57.8,"2592",54.1,"89.9","2239","86.6","2.7"
"Anderson, Tyler",542881,2021,31,"167.0",648,27,134,38,19.1,5.4,"7","11","4.53","0","31",".315",2602,23.1,54.2,68.7,"2602",43.2,"90.6","2291","88.4","3.2"
"DeSclafani, Anthony",543101,2021,31,"167.2",626,19,152,42,22.5,6.2,"13","7","3.17","0","31",".305",2558,24.2,48.9,67,"2558",40.7,"94.1","2265","94","1.2"
"Wheeler, Zack",554430,2021,31,"213.1",785,16,247,46,29.1,5.4,"14","10","2.78","0","32",".259",3205,26.8,51.9,66.8,"3205",37.6,"97.2","2388","95.4","3.1"
"Keuchel, Dallas",572971,2021,33,"162.0",652,25,95,59,13.2,8.2,"9","9","5.28","2","30",".373",2726,21.1,44.2,59.4,"2726",46.8,"89","2210","86.8","1.9"
"Stroman, Marcus",573186,2021,30,"179.0",665,17,158,43,21.7,5.9,"10","13","3.02","0","33",".318",2741,26.8,48.5,62.1,"2741",38.9,"92.6","2438","91.4","1.7"
"Musgrove, Joe",605397,2021,28,"181.1",667,22,203,54,27.1,7.2,"11","9","3.18","1","31",".305",2938,30,46.9,60.8,"2938",36.2,"93.3","2600","92.2","2"
"Nola, Aaron",605400,2021,28,"180.2",696,26,223,39,29.8,5.2,"9","9","4.63","0","32",".285",2971,27.9,49.2,66.6,"2971",23.1,"92.9","2198","92.5","1.9"
"Woodruff, Brandon",605540,2021,28,"179.1",650,18,211,43,29.8,6.1,"9","10","2.56","0","30",".280",2810,28.2,51.1,66,"2810",42.7,"96.5","2356","96.4","1.2"
"Fried, Max",608331,2021,27,"165.2",612,15,158,41,23.7,6.1,"14","7","3.04","0","28",".288",2558,24.8,49,64.6,"2558",54.4,"94","2114","93.9","1.8"
"Irvin, Cole",608344,2021,27,"178.1",710,23,125,42,16.3,5.5,"10","15","4.24","0","32",".338",2682,19.5,52,65.2,"2682",47.1,"90.8","1957","90.6","1.8"
"Buehler, Walker",621111,2021,26,"207.2",747,19,212,52,26,6.4,"16","4","2.47","0","33",".271",3152,26.5,49.2,65.4,"3152",50.7,"95.3","2472","94.5","2.2"
"Castillo, Luis",622491,2021,28,"187.2",711,19,192,75,23.9,9.3,"8","16","3.98","0","33",".293",3164,28.9,49.3,59.6,"3164",18.1,"97.1","2325","97.2","1.4"
"Manaea, Sean",640455,2021,29,"179.1",702,25,194,41,25.7,5.4,"11","10","3.91","0","32",".312",2980,27.1,51.5,66.6,"2980",32.8,"92.2","1958","92.1","1.7"
"Cease, Dylan",656302,2021,25,"165.2",623,20,226,68,31.9,9.6,"13","7","3.91","0","32",".295",2957,34.6,46.8,58.3,"2957",54,"96.6","2539","96.6","1.8"
"Burnes, Corbin",669203,2021,26,"167.0",612,7,234,34,35.6,5.2,"11","5","2.43","0","28",".221",2594,37.3,49.2,62.4,"2594",41.9,"96.6","2615","95.5","1.5"
"Wainwright, Adam",425794,2022,40,"191.2",736,16,143,54,17.8,6.7,"11","12","3.71","0","32",".332",3133,16.9,43.5,62.6,"3133",46.2,"88","2235","86.8","2.8"
"Kluber, Corey",446372,2022,36,"164.0",650,20,139,21,20.2,3,"10","10","4.34","0","31",".316",2454,23.9,51.2,68.4,"2454",32,"88.9","2275","87.5","1.9"
"Morton, Charlie",450203,2022,38,"172.0",640,28,205,63,28.2,8.7,"9","6","4.34","0","31",".318",2903,29.3,45.6,58.7,"2903",20.7,"94.9","2375","93.7","3.1"
"Quintana, Jose",500779,2022,33,"165.2",626,8,137,47,20.2,6.9,"6","7","2.93","0","32",".307",2724,24,47.9,61.6,"2724",44.5,"91.2","2078","91.3","1.1"
"Anderson, Tyler",542881,2022,32,"178.2",657,14,138,34,19.5,4.8,"15","5","2.57","2","28",".281",2576,24.3,52.7,66.1,"2576",45.2,"90.7","2230","88.9","3.1"
"Gonzales, Marco",594835,2022,30,"183.0",717,30,103,50,13.2,6.4,"10","15","4.13","0","32",".331",2838,18.3,51,63.1,"2836",39.4,"88.5","1987","87.6","1.6"
"Pivetta, Nick",601713,2022,29,"179.2",691,27,175,73,22.6,9.4,"10","12","4.56","0","33",".336",3082,23.5,47.6,60,"3082",55.3,"93.4","2310","91.6","3.8"
"Bassitt, Chris",605135,2022,33,"181.2",680,19,167,49,22.4,6.6,"15","9","3.42","0","30",".293",2886,23.6,46.5,60.9,"2886",38.9,"93.2","2192","91.9","2.4"
"Musgrove, Joe",605397,2022,29,"181.0",679,22,184,42,24.9,5.7,"10","7","2.93","0","30",".287",2834,25.5,46.5,64.5,"2833",36.3,"92.9","2560","91.8","1.9"
"Nola, Aaron",605400,2022,29,"205.0",766,19,235,29,29.1,3.6,"11","13","3.25","0","32",".262",3039,27.9,49.5,70.1,"3039",21,"92.8","2310","91.9","2.5"
"Rodón, Carlos",607074,2022,29,"178.0",649,12,237,52,33.4,7.3,"14","8","2.88","0","31",".257",2985,31.2,49.8,61.5,"2985",48.8,"95.5","2352","95.5","1.9"
"Fried, Max",608331,2022,28,"185.1",692,12,170,32,23.2,4.4,"14","7","2.48","0","30",".266",2818,26.1,49.7,61.7,"2817",49.7,"94","2143","93.9","1.9"
"Irvin, Cole",608344,2022,28,"181.0",693,25,128,36,17.3,4.9,"9","13","3.98","0","30",".329",2610,20.6,52,66.8,"2610",42.5,"90.7","1976","90.4","1.9"
"Quantrill, Cal",615698,2022,27,"186.1",702,21,128,47,16.6,6.1,"15","5","3.38","0","32",".324",2920,18.5,48.7,64,"2919",45,"93.9","2192","91.4","3.2"
"Cease, Dylan",656302,2022,26,"184.0",663,16,227,78,30.4,10.4,"14","8","2.20","0","32",".261",3120,33.3,47.3,58.2,"3120",53.5,"96.8","2507","96.8","1.2"
"Montgomery, Jordan",656756,2022,29,"178.1",677,21,158,36,21.8,5,"9","6","3.48","0","32",".310",2715,27.5,50.6,65.7,"2715",42.1,"93","2310","92.7","2"
"Webb, Logan",657277,2022,25,"192.1",726,11,163,49,20.7,6.2,"15","9","2.90","0","32",".300",3006,24.1,47.3,65.3,"3006",13.8,"92.3","2060","91.9","1.2"
"Ohtani, Shohei",660271,2022,27,"166.0",610,14,219,44,33.2,6.7,"15","9","2.33","0","28",".255",2629,33.1,49,60.6,"2629",38.6,"97.3","2218","95.8","3.7"
"Urquidy, José",664353,2022,27,"164.1",630,29,134,38,19.7,5.6,"13","8","3.94","1","28",".333",2640,22.3,52,65.5,"2640",52.8,"93.5","2202","93","2.3"
"Gallen, Zac",668678,2022,26,"184.0",651,15,192,47,26.9,6.6,"12","4","2.54","0","31",".279",2935,23,47.4,64.6,"2935",43.6,"94.1","2420","93.1","2.4"
"Burnes, Corbin",669203,2022,27,"202.0",731,23,243,51,30.5,6.4,"12","8","2.94","0","33",".274",3274,35.2,46.2,58.1,"3274",41.3,"96.4","2659","95.2","1.3"
"Gilbert, Logan",669302,2022,25,"185.2",702,19,174,49,22.7,6.4,"13","6","3.20","0","32",".318",3015,24.2,50.3,63.7,"3015",49.5,"96.1","2135","96.1","1.3"
"Bieber, Shane",669456,2022,27,"200.0",747,18,198,36,25,4.6,"13","8","2.88","0","31",".294",2875,29.7,49.7,66,"2875",41.1,"91.3","2205","89.9","2.5"
"Morton, Charlie",450203,2023,39,"163.1",615,14,183,83,25.6,11.6,"14","12","3.64","0","30",".330",2842,32.2,42.9,59.8,"2842",20.2,"94.9","2305","93.8","2.7"
"Gray, Sonny",543243,2023,33,"184.0",689,8,183,55,24.3,7.3,"8","8","2.79","0","32",".298",2818,26.1,47.7,61,"2818",48.2,"92.9","2537","91.6","2.7"
"Wheeler, Zack",554430,2023,33,"192.0",734,20,212,39,26.9,5,"13","6","3.61","0","32",".278",3155,28.6,51.3,61.6,"3155",30.7,"95.8","2495","94.7","2.5"
"Bassitt, Chris",605135,2023,34,"200.0",749,28,186,59,22.5,7.1,"16","8","3.60","0","33",".310",3139,21.9,47.3,63.4,"3139",39.5,"92.4","2153","91","2.6"
"Nola, Aaron",605400,2023,30,"193.2",741,32,202,45,25.5,5.7,"12","9","4.46","0","32",".297",3087,26,49.3,64.8,"3087",22.8,"92.7","2306","91.5","2.8"
"Snell, Blake",605483,2023,30,"180.0",636,15,234,99,31.5,13.3,"14","9","2.25","0","32",".301",3168,37.3,42.9,59.3,"3168",57.5,"95.5","2430","95.5","1.4"
"Castillo, Luis",622491,2023,30,"197.0",735,28,219,56,27.3,7,"14","9","3.34","0","33",".302",3207,30.6,52.1,63.7,"3207",18.1,"96.3","2287","96.1","1.4"
"Cease, Dylan",656302,2023,27,"177.0",689,19,214,79,27.3,10.1,"7","9","4.58","0","33",".314",3262,31,46.3,61.1,"3262",53.4,"95.6","2519","95.6","1.2"
"Montgomery, Jordan",656756,2023,30,"188.2",718,18,166,48,21.4,6.2,"10","11","3.20","0","32",".308",2920,26,47.6,64.7,"2920",46.7,"93.2","2345","93.2","1.5"
"Webb, Logan",657277,2023,26,"216.0",811,20,194,31,22.8,3.6,"11","13","3.25","0","33",".296",3182,20.8,47.4,65.3,"3182",22.1,"92.6","1979","92.3","1"
"Javier, Cristian",664299,2023,26,"162.0",611,25,159,62,23.1,9,"10","5","4.56","0","31",".325",2882,27.1,48,55.3,"2882",38.5,"92.7","2255","92.7","1.2"
"Luzardo, Jesús",666200,2023,25,"178.2",677,22,208,55,28.1,7.4,"10","10","3.58","0","32",".307",2988,31.4,48.6,59.4,"2988",35,"96.7","2250","96.7","1.3"
"Gallen, Zac",668678,2023,27,"210.0",790,22,220,47,26,5.6,"17","9","3.47","0","34",".315",3248,26.4,47.2,66.1,"3248",42.7,"93.5","2297","93","1.9"
"Burnes, Corbin",669203,2023,28,"193.2",704,22,200,66,25.5,8.4,"10","8","3.39","0","32",".287",3079,28.8,46.3,59.3,"3079",43.3,,,"94.5","1.2"
"Gilbert, Logan",669302,2023,26,"190.2",724,29,189,36,24.5,4.7,"13","7","3.73","0","32",".295",2922,26.4,52.2,63.5,"2922",52.3,"95.7","2000","95.7","1.4"
"Kirby, George",669923,2023,25,"190.2",727,22,172,19,22.7,2.5,"13","10","3.35","0","31",".305",2825,22.9,54.5,69.5,"2825",35.7,"96.1","2210","96","1.4"
"Oviedo, Johan",670912,2023,25,"177.2",678,19,158,83,20.2,10.6,"9","14","4.31","0","32",".330",2980,26,46.5,53.9,"2980",30.2,"95.8","2269","95.8","1.6"
"Senga, Kodai",673540,2023,30,"166.1",606,17,202,77,29.1,11.1,"12","7","2.98","0","29",".305",2795,29.7,45.2,56.9,"2795",47.6,"95.7","2283","93.7","3.3"
"Strider, Spencer",675911,2023,24,"186.2",696,22,281,58,36.8,7.6,"20","5","3.86","0","32",".273",3100,38.6,53,67.1,"3099",47.6,"97.2","2362","97.2","1.2"
"Sears, JP",676664,2023,27,"172.1",662,34,161,53,21.9,7.2,"5","14","4.54","0","32",".332",2867,24.8,51,64.8,"2867",23,"93.1","2135","93.1","1.1"
"Morton, Charlie",450203,2024,40,"165.1",613,23,167,65,23.8,9.3,"8","10","4.19","0","30",".331",2791,26.1,46.6,59.5,"2791",20.8,"94.1","2249","93","2.7"
"Quintana, Jose",500779,2024,35,"170.1",634,22,135,63,18.8,8.8,"10","10","3.75","0","31",".330",2819,22.2,43.1,63,"2819",44.6,"90.7","2073","90.7","1.1"
"Anderson, Tyler",542881,2024,34,"179.1",681,24,142,73,18.6,9.5,"10","15","3.81","0","31",".326",2914,27.8,49.3,58.7,"2914",57.7,"89.5","2196","87.9","3"
"Gray, Sonny",543243,2024,34,"166.1",623,21,203,39,30.3,5.8,"13","9","3.84","0","28",".300",2483,29.8,48.7,63.6,"2483",48.9,"92.4","2515","91.1","2.8"
"Wheeler, Zack",554430,2024,34,"200.0",723,20,224,52,28.5,6.6,"16","7","2.57","0","32",".262",3134,27.5,51.2,64,"3134",24.6,"95.3","2431","94.5","2"
"Bassitt, Chris",605135,2024,35,"171.0",667,18,168,70,22.2,9.2,"10","14","4.16","0","31",".330",2959,21.7,45,62.4,"2959",35.3,"92.6","2162","91.6","2.1"
"Nola, Aaron",605400,2024,31,"199.1",764,30,197,50,24,6.1,"14","8","3.57","0","33",".304",3189,25.2,48.6,66.6,"3189",20.1,"92.5","2307","91.3","2.5"
"Rodón, Carlos",607074,2024,31,"175.0",667,31,195,57,26.5,7.7,"16","9","3.96","0","32",".316",3102,30.1,49.4,58.3,"3102",45.4,"95.4","2384","95.2","1.9"
"Fedde, Erick",607200,2024,31,"177.1",661,20,154,52,21.2,7.2,"9","9","3.30","0","31",".309",2891,21.6,45.5,64.7,"2891",37.3,"93.3","2076","91.4","2"
"Lugo, Seth",607625,2024,34,"206.2",773,16,181,48,21.7,5.7,"16","9","3.00","0","33",".304",3112,22.5,46.7,64.4,"3112",32.6,"92.2","2368","91.8","1.9"
"Fried, Max",608331,2024,30,"174.1",645,13,166,57,23.2,8,"11","10","3.25","0","29",".304",2762,24.1,45.9,64.8,"2761",48.5,"93.9","2225","93.3","2.5"
"Castillo, Luis",622491,2024,31,"175.1",663,25,175,47,24.3,6.5,"11","12","3.64","0","30",".313",2859,25.9,50.6,64.7,"2858",15.3,"95.6","2155","95.6","1.1"
"Severino, Luis",622663,2024,30,"182.0",684,23,161,60,21.2,7.9,"11","7","3.91","0","31",".307",2890,22,50.6,63.5,"2889",40.9,"96.2","2220","95.5","1.9"
"Manaea, Sean",640455,2024,32,"181.2",662,21,184,63,24.9,8.5,"12","6","3.47","0","32",".304",2996,26.1,49,59.8,"2996",22.1,"92.2","2014","91.9","2.2"
"Cortes, Nestor",641482,2024,29,"174.1",661,24,162,39,22.8,5.5,"9","10","3.77","1","30",".298",2849,24.2,50.4,58.9,"2849",47.1,"92.1","2309","90.3","3"
"Canning, Griffin",656288,2024,28,"171.2",656,31,130,66,17.6,8.9,"6","13","5.19","1","31",".338",2869,24.5,48.4,58.2,"2869",45.2,"93.4","2118","93.4","1.1"
"Cease, Dylan",656302,2024,28,"189.1",684,18,224,65,29.4,8.5,"14","11","3.47","0","33",".286",3188,32.4,48.2,59.8,"3188",53.4,"96.9","2557","96.8","1.5"
"Webb, Logan",657277,2024,27,"204.2",783,11,172,50,20.5,5.9,"13","10","3.47","0","33",".326",3201,20.8,46.2,69.6,"3200",22.1,"92.6","2054","92.5","1.2"
"Singer, Brady",663903,2024,27,"179.2",693,22,170,54,22.3,7.1,"9","13","3.71","0","32",".336",2967,25.1,44.7,58.5,"2966",27.8,"91.7","2364","92.1","1.1"
"Ragans, Cole",666142,2024,26,"186.1",685,15,223,67,29.3,8.8,"11","9","3.14","0","32",".284",3118,32,48.9,58.7,"3118",45.1,"95.4","2553","94.4","2.9"
"Burnes, Corbin",669203,2024,29,"194.1",731,22,181,48,23.1,6.1,"15","9","2.92","0","32",".286",2996,28.6,48.8,63.9,"2995",43.7,"96.3","1805","95.5","1.5"
"Gilbert, Logan",669302,2024,27,"208.2",756,26,220,37,27.4,4.6,"9","12","3.23","0","33",".276",3042,31.7,50.4,67.9,"3041",43.9,"96.6","2034","95.5","2.5"
"Kirby, George",669923,2024,26,"191.0",740,22,179,23,23,3,"14","11","3.53","0","33",".290",2967,24.1,53.4,66.3,"2967",36.6,"96","2233","96","1.3"
"Bibee, Tanner",676440,2024,25,"173.2",651,22,187,44,26.3,6.2,"12","8","3.47","0","31",".304",2851,26.9,51,65.8,"2851",51.2,"94.6","2361","91.6","4.8"
"Sears, JP",676664,2024,28,"180.2",685,28,137,49,18.1,6.5,"11","13","4.38","0","32",".328",2857,21.8,48.7,64.8,"2856",21.4,"91.9","2087","91.5","1.5"
"Brown, Hunter",686613,2024,25,"170.0",645,18,179,60,25.1,8.4,"11","9","3.49","1","30",".286",2889,25.1,46.3,60.3,"2889",57.4,"96","2298","95","2.2"
"Pfaadt, Brandon",694297,2024,25,"181.2",707,24,185,42,24.3,5.5,"11","10","4.71","0","32",".303",2793,25.4,49.3,70.7,"2792",27.7,"93.8","2557","93.8","1.4"
"Gray, Sonny",543243,2025,35,"180.2",705,25,201,38,26.7,5,"14","8","4.28","0","32",".306",2719,27.5,47.4,64.5,"2718",47.6,"91.7","2502","91","2.3"
"Boyd, Matthew",571510,2025,34,"179.2",656,19,154,42,21.4,5.8,"14","8","3.21","0","31",".301",2746,23.1,51.5,67.8,"2746",25.1,"93.3","2318","93.2","1.4"
"deGrom, Jacob",594798,2025,37,"172.2",624,26,185,37,27.7,5.5,"12","8","2.97","0","30",".286",2614,30.2,51.7,63.7,"2614",31.3,"97.5","2519","97.5","1.2"
"Pivetta, Nick",601713,2025,32,"181.2",660,22,190,50,26.4,6.9,"13","5","2.87","0","31",".310",2851,24.6,47.7,63.4,"2851",56.1,"93.8","2325","93.2","2"
"Bassitt, Chris",605135,2025,36,"170.1",667,22,166,52,22.6,7.1,"11","9","3.96","1","31",".316",2829,23.3,46.8,59.6,"2829",31.9,"91.5","2149","90.8","2"
"Holmes, Clay",605280,2025,32,"165.2",622,14,129,66,18.2,9.3,"12","8","3.53","2","31",".322",2764,22.1,44.8,60.3,"2764",43.6,"93.2","2303","93.1","2.1"
"Rodón, Carlos",607074,2025,32,"195.1",701,22,203,73,25.7,9.3,"18","9","3.09","0","33",".286",3212,30.3,45.5,62,"3212",44.4,"94.1","2347","93.7","1.8"
"Fried, Max",608331,2025,31,"195.1",737,14,189,51,23.6,6.4,"19","5","2.86","0","32",".287",3109,26.6,46.9,60.3,"3109",46,"95.8","2211","94.2","2.1"
"Castillo, Luis",622491,2025,32,"180.2",689,23,162,46,21.7,6.2,"11","8","3.54","0","32",".312",2988,24.6,51.6,64.7,"2988",15.1,"95","2211","94.9","1.1"
"Severino, Luis",622663,2025,31,"162.2",630,16,124,50,17.6,7.1,"8","11","4.54","0","29",".331",2731,18.3,47.3,58.9,"2731",39.5,"96.1","2284","95.2","2.1"
"Cease, Dylan",656302,2025,29,"168.0",636,21,215,71,29.8,9.8,"8","12","4.55","0","32",".290",3044,33.4,49.2,60.1,"3044",51.3,"97.1","2550","97","1.4"
"Webb, Logan",657277,2025,28,"207.0",795,14,224,46,26.2,5.4,"15","11","3.22","0","34",".295",3282,24.7,46.2,68.5,"3282",22.1,"92.8","2118","92.4","1.3"
"Singer, Brady",663903,2025,28,"169.2",631,19,163,60,22.8,8.4,"14","12","4.03","0","32",".320",2850,24,44.4,60.8,"2850",25.1,"91.3","2442","91.3","2.2"
"Luzardo, Jesús",666200,2025,27,"183.2",696,16,216,57,28.5,7.5,"15","7","3.92","0","32",".285",3013,30.8,47.8,67.4,"3013",32.5,"96.5","2239","96.3","1.4"
"Gallen, Zac",668678,2025,29,"192.0",737,31,175,66,21.5,8.1,"13","15","4.83","0","33",".320",3135,23.7,44.9,66.2,"3134",42.1,"93.5","2322","93.1","1.9"
"Bibee, Tanner",676440,2025,26,"182.1",692,27,162,54,21.3,7.1,"12","11","4.24","0","31",".297",2970,23.8,46.3,64.3,"2969",54.2,"94.4","2243","91.6","4.5"
"Crochet, Garrett",676979,2025,26,"205.1",762,24,255,46,31.3,5.7,"18","5","2.59","0","32",".266",3151,29.4,51.8,63.8,"3150",35,"96.4","2460","94.4","3.3"
"Parker, Mitchell",680730,2025,25,"164.2",653,25,103,58,14.2,8,"9","16","5.68","3","30",".370",2705,19.6,51.2,61.9,"2705",60.9,"93","2168","93","1.3"
"Brown, Hunter",686613,2025,26,"185.1",661,17,206,57,28.3,7.8,"12","9","2.43","0","31",".277",2962,27.8,44.8,55.8,"2962",56.1,"96.6","2276","95.9","1.9"
"Pepiot, Ryan",686752,2025,27,"167.2",607,26,167,61,24.6,9,"11","12","3.86","0","31",".311",2699,26,50.1,61.1,"2698",41.3,"95.2","2413","94.7","1.8"
"Woo, Bryan",693433,2025,25,"186.2",685,26,198,36,27.1,4.9,"15","7","2.94","0","30",".274",2714,26.2,53.2,66.5,"2714",24.8,"95.7","2296","95.6","1.2"
"Pfaadt, Brandon",694297,2025,26,"176.2",710,26,147,37,19.2,4.8,"13","9","5.25","0","33",".352",2920,22.1,49.2,64.3,"2918",26.9,"93.6","2569","92.8","2"